Time,A1,A2,A3,A4,A5,A6,A7,A8,A9,A10,A11,A12,B1,B2,B3,B4,B5,B6,B7,B8,B9,B10,B11,B12,C1,C2,C3,C4,C5,C6,C7,C8,C9,C10,C11
0:00:04,3040,3020,3031,3059,3107,3184,3524,3389,3507,3561,3648,3818,3575,3786,3843,3977,4449,4564,4886,5081,5060,5711,5886,6434,6607,2796,2785,2839,2847,2897,3057,3199,3381,3961,4402
0:10:04,2741,2840,2872,2880,2920,3019,3365,3345,3453,3531,3554,3843,3859,4036,4182,4111,4754,5086,5515,5823,5328,6505,6989,8217,8933,2650,2639,2654,2684,2672,2866,2964,3171,3491,3975
0:20:04,2833,2947,2902,2918,3072,3129,3562,3748,4165,3913,3843,4686,4873,4804,5134,4686,5666,6352,7033,7504,6232,8226,9238,11622,12813,2611,2588,2619,2629,2617,2804,3203,3449,3295,3985
0:30:04,2821,2970,3020,3031,3158,3483,4070,4058,4483,4536,4256,5040,5504,5807,6144,5300,7010,7836,8705,9821,7058,9929,11519,14672,16521,2690,2591,2705,2734,2905,2925,3072,3517,3443,3976
0:40:04,2952,3049,3067,3082,3212,3622,4262,4365,4842,5040,4589,5614,6261,6635,7110,6030,7802,9395,10562,11462,7833,11304,13463,17206,19581,2704,2686,2700,2720,2809,2934,3114,3575,3404,3980
0:50:04,2978,3081,3116,3180,3295,3751,4486,4650,5214,5419,4882,6115,6998,7448,8015,6471,8660,10641,12023,13081,8290,12166,14739,19027,21935,2693,2681,2697,2702,2776,2879,3139,3479,3408,3947
1:00:04,2996,3127,3144,3190,3342,3852,4727,4965,5546,5758,5137,6568,7667,8176,8856,6903,9414,11748,13261,14603,8513,12842,15755,20332,23657,2681,2651,2694,2697,2763,2888,3161,3405,3368,3915
1:10:04,3042,3146,3200,3256,3390,4021,4939,5245,5899,6143,5387,6991,8244,8873,9650,7240,10079,12728,14536,16010,8656,13345,16493,21345,24946,2684,2657,2683,2691,2744,2886,3239,3310,3370,3928
1:20:04,3058,3184,3235,3301,3501,4107,5180,5491,6167,6505,5652,7393,8825,9559,10435,7512,10655,13579,15590,17240,8799,13666,16984,22026,25947,2690,2678,2687,2688,2737,2876,3280,3240,3362,3914
1:30:04,3089,3206,3256,3330,3551,4228,5363,5734,6485,6823,5880,7826,9368,10174,11176,7758,11144,14347,16586,18411,8855,13920,17350,22683,26731,2686,2659,2688,2664,2723,2867,3294,3203,3353,3907
1:40:04,3143,3236,3259,3365,3589,4364,5590,6011,6766,7178,6100,8136,9862,10776,11913,7964,11562,14973,17478,19462,8941,14050,17669,23051,27356,2682,2671,2659,2674,2737,2876,3310,3191,3340,3928
1:50:04,3172,3278,3353,3423,3652,4496,5808,6266,7073,7508,6333,8501,10416,11329,12631,8127,11933,15586,18227,20365,9006,14216,17943,23437,27886,2709,2683,2695,2713,2751,2880,3318,3198,3355,3910
2:00:04,3204,3307,3395,3482,3719,4640,6044,6538,7397,7876,6533,8803,10824,11891,13321,8271,12256,16145,18931,21306,9089,14291,18163,23713,28323,2690,2690,2685,2706,2732,2894,3311,3180,3351,3940
2:10:04,3237,3339,3400,3510,3783,4739,6205,6764,7632,8184,6717,9105,11319,12445,13996,8391,12512,16500,19624,22053,9086,14429,18246,23962,28587,2711,2682,2693,2696,2746,2885,3288,3171,3344,3932
2:20:04,3250,3377,3466,3538,3841,4827,6396,6978,7935,8492,6858,9422,11727,12972,14629,8480,12711,16866,20092,22754,9079,14497,18391,24130,29035,2722,2668,2690,2695,2738,2901,3239,3179,3365,3950
2:30:04,3281,3398,3474,3570,3882,4948,6583,7197,8211,8836,7021,9645,12146,13455,15274,8554,12926,17246,20617,23329,9152,14540,18499,24419,29407,2703,2724,2691,2706,2746,2897,3221,3165,3359,3944
2:40:04,3297,3426,3510,3626,3945,5022,6757,7433,8440,9095,7154,9902,12520,13946,15948,8612,13106,17530,21105,23886,9196,14599,18643,24449,29715,2724,2731,2680,2705,2734,2891,3143,3172,3349,3913
2:50:04,3360,3467,3562,3672,4000,5141,6935,7714,8719,9443,7268,10150,12918,14419,16483,8700,13249,17801,21492,24339,9212,14655,18689,24685,29834,2708,2712,2692,2698,2744,2887,3149,3173,3348,3941
3:00:04,3371,3511,3567,3721,4045,5229,7078,7885,9029,9761,7378,10341,13263,14877,17003,8734,13379,18066,21801,24771,9210,14701,18755,24785,29894,2693,2724,2686,2683,2719,2888,3116,3143,3373,3937
3:10:04,3372,3536,3670,3767,4115,5316,7280,8128,9285,10071,7480,10574,13563,15284,17532,8763,13506,18281,22128,25144,9235,14777,18827,24836,29736,2702,2705,2671,2701,2732,2902,3104,3169,3365,3932
3:20:04,3415,3544,3688,3780,4225,5422,7433,8340,9573,10390,7582,10779,13942,15734,18078,8806,13573,18444,22446,25467,9281,14790,18909,24987,29577,2704,2708,2699,2692,2727,2901,3089,3139,3362,3959
3:30:04,3433,3580,3711,3838,4239,5477,7600,8561,9819,10670,7721,10941,14250,16104,18540,8813,13672,18563,22639,25757,9255,14747,18927,25092,29416,2697,2714,2691,2691,2718,2885,3083,3150,3350,3951
3:40:04,3443,3606,3766,3863,4308,5581,7778,8741,10043,10945,7778,11115,14535,16434,19025,8888,13737,18692,22817,26030,9238,14836,18977,25148,29352,2710,2718,2678,2691,2742,2903,3047,3144,3357,3933
3:50:04,3479,3645,3792,3900,4371,5679,7935,8951,10346,11263,7884,11327,14794,16841,19431,8909,13758,18869,23088,26217,9291,14845,19007,25287,29503,2701,2709,2693,2701,2746,2888,3048,3155,3348,3956
4:00:04,3498,3672,3829,3923,4424,5741,8068,9174,10568,11544,7976,11509,15131,17219,19852,8932,13864,18975,23132,26400,9284,15001,19124,25406,29923,2707,2728,2706,2703,2728,2912,3037,3161,3360,3951
4:10:04,3505,3684,3847,3962,4464,5778,8245,9365,10819,11861,8024,11709,15360,17510,20227,8941,13910,19025,23318,26638,9331,15022,19141,25484,30454,2696,2720,2692,2708,2742,2904,3042,3150,3363,4075
4:20:04,3542,3713,3886,4015,4488,5873,8359,9546,11098,12071,8094,11825,15577,17872,20754,9000,13918,19097,23419,26779,9346,15084,19204,25524,30904,2725,2712,2698,2703,2733,2902,3021,3144,3353,4067
4:30:04,3563,3740,3922,4035,4548,5948,8513,9777,11302,12434,8127,12008,15748,18115,21013,9015,14024,19206,23649,26913,9385,15106,19237,25629,31261,2710,2697,2676,2681,2731,2900,3008,3147,3352,4094
4:40:04,3581,3781,3929,4082,4607,5984,8683,9952,11580,12695,8169,12213,15946,18386,21364,9008,14007,19324,23730,27149,9361,15114,19275,25655,31702,2702,2700,2698,2705,2744,2904,2982,3142,3367,4051
4:50:04,3591,3783,3964,4121,4655,6065,8820,10109,11837,12975,8225,12308,16189,18602,21653,9023,14044,19355,23922,27362,9373,15134,19316,25691,31995,2708,2694,2698,2673,2710,2902,3000,3136,3354,4063
5:00:04,3613,3816,3986,4161,4713,6117,8933,10299,12010,13201,8286,12496,16370,18899,21940,9053,14057,19518,23891,27412,9392,15153,19269,25786,32099,2712,2700,2687,2690,2725,2888,2987,3123,3338,4036
5:10:04,3653,3822,4007,4200,4756,6179,9057,10475,12179,13488,8345,12585,16615,19110,22284,9026,14130,19443,23979,27504,9398,15170,19271,25724,32041,2702,2680,2699,2700,2729,2889,2963,3130,3358,4011
5:20:04,3680,3858,4045,4239,4795,6227,9215,10675,12373,13744,8389,12680,16761,19244,22465,9045,14117,19545,24103,27674,9407,15117,19325,25823,31880,2707,2717,2685,2709,2736,2895,2977,3136,3367,4030
5:30:04,3685,3884,4081,4276,4861,6301,9339,10842,12684,14012,8415,12789,16828,19479,22672,9071,14141,19621,24253,27776,9400,15203,19376,25957,31563,2704,2688,2700,2696,2722,2894,2960,3118,3340,4014
5:40:04,3726,3901,4078,4308,4902,6332,9479,11008,12863,14313,8453,12885,17021,19708,22883,9093,14121,19693,24245,27797,9458,15191,19486,25911,31267,2718,2696,2679,2697,2717,2896,2935,3098,3355,4048
5:50:04,3748,3916,4133,4332,4975,6393,9577,11183,13000,14590,8499,13001,17141,19869,22968,9116,14118,19626,24340,27900,9426,15224,19480,25986,30863,2697,2691,2706,2734,2726,2909,2949,3114,3334,4033
6:00:04,3768,3966,4143,4406,5019,6461,9713,11345,13279,14828,8558,13050,17319,20006,23260,9078,14151,19702,24378,28020,9450,15207,19607,26015,30592,2696,2699,2679,2708,2712,2892,2949,3124,3348,4009
6:10:04,3754,3977,4182,4439,5118,6529,9859,11518,13518,15053,8526,13194,17427,20216,23504,9128,14171,19779,24422,27920,9439,15251,19554,26059,30380,2692,2675,2688,2722,2696,2930,2938,3111,3351,4013
6:20:04,3783,3993,4228,4458,5147,6584,9998,11642,13731,15359,8581,13201,17523,20453,23683,9115,14153,19841,24392,28053,9476,15194,19582,26079,30320,2689,2682,2680,2717,2719,2946,2952,3108,3344,4015
6:30:04,3830,4022,4253,4489,5180,6606,10122,11905,13958,15585,8584,13300,17663,20525,23894,9104,14193,19926,24473,28094,9511,15249,19545,26077,30304,2696,2672,2686,2728,2703,2913,2942,3096,3342,4005
6:40:04,3854,4067,4256,4525,5241,6644,10246,12025,14156,15909,8617,13355,17729,20668,24135,9163,14171,19892,24630,28196,9487,15276,19595,26159,30539,2693,2694,2691,2718,2706,2916,2919,3093,3352,4028
6:50:04,3871,4089,4319,4580,5270,6673,10345,12170,14289,16151,8643,13385,17845,20888,24241,9115,14177,19962,24631,28170,9505,15225,19587,26191,30866,2690,2675,2685,2720,2703,2901,2938,3094,3345,4022
7:00:04,3858,4103,4332,4611,5327,6734,10470,12397,14513,16423,8660,13439,17942,20965,24359,9155,14294,19890,24591,28306,9497,15246,19626,26210,31332,2702,2677,2685,2710,2720,2920,2985,3073,3343,4004
7:10:04,3895,4139,4360,4648,5368,6796,10557,12530,14694,16758,8663,13421,17993,21136,24491,9150,14295,19889,24671,28269,9511,15339,19607,26267,31651,2679,2665,2678,2708,2712,2931,2980,3082,3314,3987
7:20:04,3911,4156,4403,4718,5442,6801,10656,12692,14990,17033,8709,13441,18112,21259,24682,9146,14333,19941,24736,28378,9513,15332,19724,26191,32011,2673,2669,2675,2715,2720,2911,2975,3097,3347,4000
7:30:04,3928,4173,4414,4734,5495,6856,10742,12810,15184,17272,8694,13432,18132,21245,24661,9198,14321,19941,24642,28542,9553,15318,19704,26294,32321,2692,2662,2666,2698,2702,2924,2956,3089,3328,3999
7:40:04,3958,4198,4438,4780,5561,6872,10851,13034,15501,17706,8743,13500,18159,21322,24698,9177,14275,20074,24731,28617,9539,15331,19760,26318,32620,2679,2690,2674,2701,2699,2920,2940,3071,3341,3984
7:50:04,3957,4198,4482,4815,5600,6921,10936,13256,15579,17829,8711,13479,18253,21536,24850,9175,14289,20139,24793,28609,9532,15315,19758,26354,32948,2691,2695,2674,2709,2702,2915,2940,3060,3329,3975
8:00:04,3992,4235,4514,4858,5646,6969,11053,13431,15825,18103,8733,13502,18273,21474,25010,9204,14393,20126,24899,28659,9554,15328,19663,26213,33040,2665,2709,2677,2695,2700,2896,2943,3079,3326,3982
8:10:04,4003,4280,4527,4878,5699,6987,11155,13628,15997,18442,8789,13509,18403,21605,25163,9196,14397,20098,24831,28771,9558,15337,19691,26251,32951,2677,2704,2673,2697,2708,2928,2933,3064,3323,3992
8:20:04,4034,4284,4540,4933,5771,7001,11230,13837,16281,18738,8817,13474,18416,21798,25209,9228,14487,20084,24888,28816,9567,15384,19706,26261,32674,2694,2697,2709,2706,2700,2922,2961,3072,3309,3975
8:30:04,4052,4317,4606,4982,5791,7035,11318,14039,16506,19013,8793,13474,18569,21767,25319,9187,14474,20158,24969,28783,9570,15349,19657,26285,32420,2677,2702,2708,2697,2718,2921,2941,3065,3325,3979
8:40:04,4058,4335,4642,4998,5857,7059,11357,14354,16880,19390,8809,13555,18631,21783,25493,9223,14464,20167,24922,28831,9575,15351,19731,26679,32092,2675,2708,2714,2688,2700,2927,2951,3073,3328,3982
8:50:04,4085,4374,4658,5042,5948,7105,11502,14545,17138,19633,8870,13471,18673,22079,25636,9235,14456,20231,25044,28896,9606,15349,19778,26695,31787,2679,2708,2715,2693,2721,2921,2922,3082,3326,3992
9:00:04,4113,4394,4718,5074,6006,7124,11583,14949,17467,20081,8845,13514,18664,22038,25671,9253,14502,20278,25006,28866,9601,15324,19808,26699,31448,2689,2685,2713,2699,2706,2918,2925,3080,3334,3986
9:10:04,4124,4428,4709,5113,6021,7145,11657,15213,17637,20196,8866,13545,18709,22190,25599,9200,14419,20204,25022,28890,9587,15349,19723,26641,31056,2670,2683,2695,2688,2729,2926,2923,3066,3327,4007
9:20:04,4116,4402,4745,5145,6054,7175,11706,15465,17830,20512,8854,13619,18756,22362,25549,9225,14434,20295,25011,28870,9589,15355,19791,26669,30867,2687,2690,2720,2691,2733,2902,2917,3055,3318,3991
9:30:04,4170,4455,4780,5213,6107,7193,11788,15714,18324,20806,8866,13633,18738,22205,25741,9245,14426,20323,25088,28869,9589,15410,19778,26745,30687,2686,2687,2698,2690,2742,2895,2920,3057,3303,3976
9:40:04,4665,4479,4809,5216,6167,7243,11882,16155,18584,21168,8869,13637,18760,22405,25842,9231,14335,20359,25123,28851,9583,15352,19655,26721,30826,2682,2681,2692,2696,2740,2928,2926,3069,3298,3984
9:50:04,4687,4509,4827,5255,6197,7275,11924,16351,18758,21495,8869,13620,18841,22414,25888,9278,14300,20313,25058,28941,9628,15402,19810,26752,31093,2669,2693,2721,2682,2739,2913,2915,3063,3304,3990
10:00:04,4714,4529,4849,5272,6247,7285,12023,16578,19021,21690,8887,13606,18906,22341,26041,9244,14298,20398,25130,29021,9591,15411,19746,26761,31423,2677,2684,2695,2690,2740,2932,2892,3048,3305,3980
10:10:04,4714,4569,4913,5308,6307,7281,12092,17009,19228,22129,8908,13611,18871,22487,26071,9266,14442,20292,25280,29095,9646,15374,19925,26760,31785,2680,2689,2693,2696,2755,2920,2897,3069,3310,3975
10:20:04,4738,4577,4925,5360,6358,7305,12229,17164,19583,22371,8899,13598,18994,22425,26151,9232,14378,20377,25333,29016,9683,15380,19930,26774,32117,2689,2688,2698,2694,2768,2915,2909,3063,3299,3997
10:30:04,4784,4610,4967,5405,6434,7347,12186,17363,19865,22606,8938,13664,19073,22527,26238,9260,14439,20407,25294,29202,9613,15392,19826,26767,32388,2672,2674,2700,2679,2768,2905,2920,3046,3295,3988
10:40:04,4757,4628,5013,5430,6484,7391,12257,17589,20225,22885,8942,13572,19041,22609,26433,9281,14344,20391,25277,29212,9610,15436,19833,26867,32712,2680,2688,2701,2696,2772,2907,2913,3052,3299,3995
10:50:04,4813,4658,5018,5456,6548,7383,12278,17956,20280,23290,8920,13584,19083,22566,26321,9271,14418,20470,25340,29274,9613,15407,19851,26803,33041,2680,2670,2689,2707,2795,2908,2894,3043,3300,3984
11:00:04,4833,4669,5060,5510,6620,7395,12342,17870,20626,23492,8927,13540,19138,22637,26261,9291,14405,20415,25248,29304,9648,15404,20110,26860,33391,2670,2682,2677,2702,2788,2938,2913,3051,3295,3985
11:10:04,4832,4678,5107,5527,6657,7421,12446,18218,20729,23592,8962,13768,19039,22738,26505,9317,14481,20434,25228,29400,9624,15420,19891,26837,33480,2664,2667,2685,2690,2801,2917,2904,3052,3298,3969
11:20:04,4857,4746,5121,5534,6749,7447,12473,18358,21082,23955,8973,13803,19028,22793,26456,9289,14532,20430,25278,29340,9635,15415,19794,26868,33561,2673,2680,2698,2672,2835,2913,2910,3039,3297,3961
11:30:04,4880,4762,5166,5610,6772,7438,12545,18561,21187,24205,8968,13733,19110,22874,26404,9319,14503,20380,25372,29436,9659,15484,19742,26843,33480,2663,2667,2697,2695,2864,2924,2923,3057,3284,3994
11:40:04,4892,4780,5200,5639,6872,7482,12684,18610,21556,24357,8962,13692,19127,22834,26574,9303,14486,20449,25450,29471,9666,15395,19938,26880,33262,2688,2673,2674,2681,2889,2919,2900,3051,3314,3980
11:50:04,4916,4798,5231,5669,6936,7468,12714,18802,21630,24571,8922,13307,19225,22908,26687,9321,14425,20533,25482,29522,9663,15446,20124,26823,33041,2688,2689,2706,2679,2875,2926,2900,3062,3291,3976
12:00:04,4947,4842,5255,5733,7017,7495,12788,18854,21677,24762,8961,13578,19290,22913,26630,9317,14522,20582,25576,29423,9648,15427,19865,26876,32695,2698,2689,2697,2692,2904,2933,2919,3061,3295,3983
12:10:04,4940,4867,5283,5754,7057,7509,12786,18797,21902,24978,9006,13626,19372,22827,26776,9294,14500,20585,25634,29447,9670,15452,19867,26866,32489,2678,2684,2680,2707,2925,2931,2893,3039,3287,4000
12:20:04,4963,4907,5335,5771,7174,7529,12886,19014,22219,24969,8984,13666,19423,22978,26923,9337,14539,20641,25446,29386,9651,15432,19963,26889,32180,2702,2695,2696,2700,2930,2941,2902,3045,3290,3987
12:30:04,4973,4926,5373,5818,7336,7546,12882,19067,22372,25328,8993,13588,19318,22970,26743,9322,14593,20655,25413,29429,9648,15478,20103,26858,31770,2682,2687,2704,2712,2955,2938,2902,3048,3294,3983
12:40:04,5006,4963,5384,5851,7414,7557,12946,19162,22364,25238,9009,13656,19324,22985,26822,9294,14598,20565,25420,29518,9698,15509,20093,26922,31571,2679,2703,2698,2716,2993,2935,2885,3036,3308,4012
12:50:04,5059,5010,5451,5927,7573,7596,12929,19215,22370,25589,9034,13636,19372,23065,26996,9360,14610,20520,25499,29527,9678,15442,20083,26925,31318,2691,2687,2698,2690,3026,2944,2885,3042,3287,3994
13:00:04,5044,5055,5486,5970,7781,7578,13019,19362,22599,25690,9017,13612,19244,22987,26887,9318,14646,20593,25570,29461,9699,15532,19976,26945,31277,2688,2697,2698,2698,3061,2926,2896,3058,3277,4015
13:10:04,5062,5116,5520,6037,7965,7562,13037,19210,22585,25525,9036,13647,19339,23181,26779,9337,14648,20667,25605,29584,9685,15551,20091,26916,31367,2696,2688,2706,2711,3094,2929,2897,3033,3290,4015
13:20:04,5088,5160,5567,6066,8176,7611,13052,19542,22694,25689,9057,13647,19443,23200,27014,9330,14625,20679,25612,29743,9726,15515,20009,26957,31576,2691,2687,2716,2732,3134,2940,2909,3047,3312,3979
13:30:04,5100,5200,5612,6126,8362,7615,13088,19437,22921,25851,9012,13722,19356,23250,26815,9367,14658,20690,25664,29671,9699,15461,20010,26914,31866,2683,2710,2705,2721,3174,2927,2913,3060,3282,3981
13:40:04,5117,5228,5672,6226,8639,7616,13090,19493,22802,25853,9038,13665,19483,23115,26980,9359,14678,20709,25671,29729,9696,15465,20051,26850,32094,2676,2695,2708,2697,3201,2925,2889,3024,3286,3981
13:50:04,5130,5296,5699,6271,8981,7653,13182,19599,22909,25990,9034,13706,19487,23093,27410,9370,14663,20731,25716,29870,9659,15511,20091,26858,32418,2694,2695,2729,2709,3268,2931,2895,3042,3303,3983
14:00:04,5159,5368,5750,6371,9212,7651,13205,19573,22933,25898,9051,13701,19558,23144,27028,9361,14695,20688,25612,29921,9722,15491,20104,26939,32818,2692,2694,2719,2726,3309,2927,2902,3042,3274,3998
14:10:04,5176,5424,5790,6463,9556,7651,13162,19540,23157,26049,9017,13777,19547,23172,27066,9312,14654,20653,25572,29955,9721,15501,20096,26988,33039,2687,2708,2722,2742,3353,2926,2907,3047,3291,3993
14:20:04,5215,5491,5844,6594,9873,7657,13239,19499,23101,25960,9034,13738,19487,23130,27256,9364,14735,20662,25657,29947,9719,15519,20025,26854,33353,2684,2711,2731,2724,3411,2938,2889,3050,3279,3975
14:30:04,5242,5583,5912,6681,10266,7688,13282,19531,23127,26144,9042,13723,19527,23394,27158,9402,14614,20613,25649,29981,9711,15526,20134,26942,33652,2679,2701,2718,2738,3489,2960,2881,3034,3286,3976
14:40:04,5244,5644,5973,6826,10669,7714,13278,19786,23106,26157,9042,13768,19429,23368,27172,9363,14662,20733,25640,29854,9676,15552,20102,26884,33930,2690,2711,2729,2744,3557,2937,2893,3051,3277,3988
14:50:04,5277,5744,6020,6933,11008,7701,13231,19689,23181,26136,9079,13798,19496,23281,27263,9383,14693,20722,25832,29999,9696,15519,20157,26921,33965,2682,2702,2744,2742,3631,2953,2891,3043,3268,3949
15:00:04,5299,5806,6122,7147,11409,7715,13269,19567,23187,26094,9048,13802,19533,23329,27024,9371,14626,20841,25729,29861,9758,15535,20123,26807,33953,2682,2698,2729,2753,3707,2921,2882,3042,3288,3993
15:10:04,5308,5944,6173,7312,11833,7709,13267,19624,23274,26010,9034,13755,19530,23384,27024,9363,14711,20793,25762,29804,9676,15505,20133,26850,33776,2678,2713,2728,2759,3802,2949,2875,3029,3278,3945
15:20:04,5307,6071,6231,7506,12284,7711,13255,19521,23253,26226,9040,13757,19649,23395,27304,9344,14697,20729,25795,29810,9720,15548,20113,26800,33626,2684,2699,2722,2772,3909,2935,2883,3027,3271,3969
15:30:04,5346,6196,6344,7719,12705,7709,13307,19616,23181,26341,9039,13812,19775,23279,27226,9359,14593,20703,25763,30002,9704,15523,20196,26798,33323,2668,2701,2744,2771,4012,2943,2895,3032,3275,3965
15:40:04,5373,6334,6412,7931,13333,7711,13305,19603,23239,26230,9046,13817,19655,23384,27073,9359,14707,20731,25747,29962,9735,15479,20146,26741,33033,2668,2711,2741,2787,4131,2944,2883,3042,3278,3976
15:50:04,5427,6521,6501,8237,13736,7709,13394,19595,23276,26058,9079,13788,19660,23401,27386,9360,14665,20746,25720,29960,9708,15533,20188,26830,32693,2682,2698,2724,2805,4286,2932,2881,3025,3277,3959
16:00:04,5425,6684,6606,8492,14213,7723,13348,19621,23261,26505,9057,13848,19555,23364,27303,9327,14700,20709,25679,29998,9719,15532,20169,26774,32319,2693,2695,2753,2808,4449,2944,2875,3033,3264,3983
16:10:04,5462,6892,6725,8776,14766,7729,13382,19612,23323,26244,9058,13840,19416,23368,26987,9378,14724,20819,25738,30117,9735,15542,20205,26832,31999,2686,2705,2748,2822,4629,2937,2877,3036,3268,3962
16:20:04,5477,7073,6801,9117,15127,7740,13352,19707,23193,26246,9063,13885,19651,23532,27386,9377,14747,20857,25839,30073,9741,15573,20237,26854,31811,2687,2719,2764,2825,4818,2946,2880,3042,3262,3953
16:30:04,5514,7291,6895,9445,15637,7740,13378,19694,23360,26264,9043,13879,19702,23442,27189,9377,14699,20861,25800,30046,9732,15539,20240,26793,31511,2692,2691,2770,2833,5060,2951,2865,3030,3257,3972
16:40:04,5506,7504,7064,9784,15881,7730,13412,19522,23346,26269,9084,13856,19764,23529,26874,9349,14644,20836,25871,30098,9705,15508,20179,26795,31428,2666,2711,2764,2842,5318,2936,2860,3028,3255,3985
16:50:04,5566,7780,7187,10271,16278,7743,13401,19646,23244,26282,9079,13890,19887,23593,27326,9359,14658,20765,25835,30181,9724,15491,20147,26714,31531,2681,2712,2753,2869,5632,2942,2867,3026,3277,4006
17:00:04,5584,8045,7305,10705,16769,7721,13417,19594,23224,26279,9049,13891,19534,23538,27167,9378,14683,20750,25916,30252,9720,15528,20130,26690,31744,2674,2731,2759,2876,5952,2949,2849,3025,3245,3982
17:10:04,5611,8337,7464,11097,17024,7753,13358,19400,23229,26193,9074,13883,19479,23496,27111,9361,14774,20763,25871,30151,9762,15509,20130,26659,32006,2677,2696,2782,2896,6364,2947,2858,3033,3270,3944
17:20:04,5645,8713,7663,11654,17315,7750,13426,19890,23267,26134,9053,13898,19625,23413,27466,9397,14647,20783,25865,30178,9726,15539,20134,26687,32286,2689,2704,2756,2912,6783,2939,2858,3001,3263,3961
17:30:04,5696,9049,7813,12220,17587,7752,13435,19677,23319,26431,9062,13893,19732,23436,27221,9340,14697,20861,25778,30176,9702,15496,20102,26750,32680,2679,2699,2790,2941,7338,2936,2847,3041,3251,3959
17:40:04,5712,9460,7971,12668,17683,7756,13475,19805,23205,26339,9074,13949,19800,23420,27123,9384,14676,20863,25671,30021,9728,15488,20175,26697,32924,2670,2714,2790,2969,7897,2918,2852,3018,3249,3963
17:50:04,5768,9966,8192,13313,17916,7762,13422,19555,23292,26136,9075,13966,19755,23544,27332,9360,14646,20826,25854,29918,9727,15512,20147,26702,33202,2660,2707,2798,2990,8504,2937,2852,2993,3252,3977
18:00:04,5817,10426,8408,14009,18237,7780,13484,19409,23230,26292,9078,13955,19579,23591,27081,9372,14665,20869,25934,29974,9728,15505,20082,26704,33527,2664,2704,2804,3024,9168,2962,2842,3012,3247,3944
18:10:04,5850,10940,8623,14731,18523,7781,13537,19677,23461,26204,9082,14001,19657,23632,27023,9345,14714,20852,25889,30149,9691,15505,20158,26690,33821,2677,2718,2799,3049,9948,2960,2834,3003,3262,3922
18:20:04,5901,11474,8853,15336,18682,7802,13477,19595,23233,26236,9049,14063,19676,23533,27332,9379,14705,20831,25930,30233,9698,15513,20247,26689,33979,2680,2716,2797,3100,10786,2944,2854,2989,3250,3939
18:30:04,5973,12088,9120,15920,18851,7810,13531,19470,23172,26489,9062,14042,19664,23680,27253,9389,14783,20858,25941,30240,9721,15537,20160,26788,34179,2664,2735,2823,3146,11760,2948,2870,3003,3232,3942
18:40:04,6037,12768,9375,16783,19135,7808,13503,19693,23397,26599,9071,14069,19781,23646,27244,9365,14744,20920,25877,30339,9713,15549,20219,26696,34206,2650,2729,2826,3189,12795,2953,2830,3008,3251,3986
18:50:04,6101,13416,9655,17485,19309,7795,13523,19781,23378,26314,9079,14098,19851,23585,27520,9383,14702,20867,25886,30207,9730,15517,20222,26734,34104,2671,2718,2820,3240,14060,2941,2846,3013,3266,3954
19:00:04,6138,14289,10012,17787,19294,7786,13494,19661,23291,26208,9104,14105,19822,23595,27372,9346,14738,20882,25921,30066,9733,15539,20256,26681,33867,2684,2727,2837,3289,15412,2975,2838,3010,3249,3949
19:10:04,6232,15026,10396,18418,19521,7810,13547,19806,23300,26554,9058,14130,19807,23631,27228,9411,14683,20890,25900,29898,9720,15547,20120,26738,33696,2668,2727,2839,3341,16831,2958,2841,3019,3244,3944
19:20:04,6319,15919,10798,18938,19803,7860,13547,19834,23293,26441,9062,14138,19695,23568,27515,9354,14744,20928,26010,30019,9783,15518,20220,26735,33313,2668,2737,2854,3413,18207,2973,2842,3003,3249,3965
19:30:04,6359,16811,11062,19258,19910,7824,13528,19651,23280,26494,9088,14134,19822,23554,27350,9385,14749,20832,26121,30242,9703,15487,20189,26651,33026,2671,2738,2860,3486,19586,2957,2832,3006,3239,3925
19:40:04,6478,17602,11514,19647,19948,7816,13504,19623,23294,26285,9093,14144,19647,23753,27283,9350,14737,20880,26243,30394,9708,15559,20228,26636,32724,2662,2737,2874,3561,20842,2942,2828,2985,3241,3918
19:50:04,6549,18713,11978,20096,20126,7823,13554,19896,23267,26453,9058,14168,19820,23636,27296,9388,14761,20872,25796,30380,9743,15486,20169,26639,32365,2669,2748,2871,3664,21909,2958,2828,3011,3239,3953
20:00:04,6631,19753,12424,20527,20215,7826,13544,19780,23379,26338,9070,14083,19659,23629,27341,9366,14784,20871,25732,30235,9728,15466,20193,26705,32066,2665,2736,2886,3756,22923,2947,2830,3006,3236,3944
20:10:04,6748,20551,12918,20655,20364,7831,13542,19678,23191,26412,9045,14141,19838,23684,27505,9372,14788,20801,26033,30332,9727,15477,20200,26737,31830,2658,2741,2892,3846,23743,2954,2826,2988,3242,3955
20:20:04,6862,21321,13344,21176,20570,7844,13594,19630,23373,26650,9063,14179,19873,23785,27491,9413,14734,20905,26138,30440,9714,15519,20184,26685,31642,2673,2765,2911,3960,24476,2953,2837,2989,3226,3893
20:30:04,6962,22597,14017,21463,20757,7829,13540,19757,23241,26511,9053,14239,19797,23674,27317,9365,14774,20907,26234,30341,9705,15490,20179,26801,31666,2665,2756,2913,4112,25557,2947,2829,2999,3234,3937
20:40:04,7087,23107,14660,21522,20816,7825,13611,19613,23286,26615,9089,14230,19956,23643,27323,9384,14808,20952,25984,30321,9736,15492,20213,26624,31814,2677,2771,2917,4258,26918,2971,2827,3001,3241,3980
20:50:04,7210,24223,15352,22000,20827,7846,13585,19854,23496,26418,9063,14303,19676,23665,27422,9383,14732,20848,25776,30338,9707,15486,20195,26645,32086,2666,2751,2939,4414,28149,2956,2817,3006,3231,3954
21:00:04,7357,25183,15889,22138,21075,7828,13592,19705,23265,26580,9086,14276,19790,23625,27444,9368,14744,20919,25979,30211,9724,15470,20222,26649,32358,2658,2769,2932,4595,28768,2970,2837,3004,3250,3918
21:10:04,7478,25557,16354,22391,21138,7835,13556,19758,23288,26479,9109,14275,19799,23652,27201,9381,14743,20888,26062,30352,9729,15535,20236,26633,32549,2649,2772,2941,4752,29542,2963,2825,2992,3213,3932
21:20:04,7626,26366,17238,22630,21375,7843,13587,19769,23393,26743,9078,14291,19685,23778,27415,9399,14771,20842,25977,30433,9712,15446,20172,26643,32846,2674,2765,2949,4994,30018,2954,2829,2990,3223,3909
21:30:04,7760,27044,17914,22815,21489,7824,13601,19725,23202,26600,9076,14329,19779,23739,27567,9397,14696,20949,26114,30310,9688,15466,20217,26620,33167,2657,2801,2977,5252,30770,2955,2826,2992,3232,3941
21:40:04,7884,27383,18502,22978,21642,7879,13590,19676,23362,26699,9066,14395,19844,23719,27357,9395,14760,20883,26311,30171,9677,15475,20276,26632,33458,2664,2798,2994,5525,31432,2975,2814,2981,3235,3921
21:50:04,8067,27976,19559,23287,21726,7831,13620,19762,23454,26682,9044,14434,20008,23810,27474,9390,14760,20921,26266,30285,9704,15493,20190,26617,33797,2657,2797,2980,5850,31667,2950,2818,2995,3232,3955
22:00:04,8283,27957,19985,23275,21788,7870,13612,19930,23209,26412,9093,14433,19923,23954,27519,9413,14763,20838,25932,30468,9738,15478,20217,26672,34106,2670,2805,3009,6174,31698,2958,2821,2995,3235,3930
22:10:04,8373,28653,20832,23527,21929,7848,13610,19867,23257,26723,9074,14490,19850,23879,27303,9393,14784,20890,26097,30710,9717,15419,20174,26680,34329,2673,2815,3026,6492,31632,2949,2807,2992,3235,3898
22:20:04,8520,29485,21404,23660,22038,7879,13605,19841,23145,26405,9064,14509,19923,23680,27402,9394,14784,20875,26020,30503,9704,15492,20181,26666,34399,2668,2816,3038,6971,32214,2962,2820,2982,3213,3916
22:30:04,8668,28975,22184,23818,22210,7868,13606,19782,23371,26695,9070,14536,19719,23785,27378,9362,14748,20956,25972,30432,9724,15468,20217,26674,34356,2669,2818,3061,7419,32852,2966,2819,2967,3231,3905
22:40:04,8893,29108,22653,24002,22361,7854,13667,19897,23333,26620,9068,14523,19874,23750,27412,9419,14718,20937,26116,30518,9716,15480,20204,26694,34236,2660,2804,3073,7886,32983,2974,2825,2973,3235,3877
22:50:04,9024,29386,23138,24156,22414,7868,13641,19771,23091,26629,9086,14563,19886,23738,27361,9390,14788,20958,26141,30258,9691,15447,20215,26616,34105,2655,2829,3101,8419,32970,2966,2827,2995,3226,3925
23:00:04,9283,29882,23745,24131,22703,7862,13630,19762,23274,26689,9067,14610,19792,23797,27479,9362,14785,20863,26103,30225,9693,15483,20189,26603,33763,2661,2842,3111,8965,33026,2978,2824,2980,3222,3978
23:10:04,9410,29803,24178,24272,22829,7862,13664,19801,23278,26501,9093,14693,19971,23936,27576,9396,14806,20948,26193,30294,9690,15445,20235,26585,33533,2664,2849,3121,9477,33408,2960,2832,2994,3240,3891
23:20:04,9572,29777,24548,24598,22902,7881,13654,19793,23281,26802,9080,14659,19986,23714,27548,9363,14781,21041,26283,30394,9728,15476,20214,26662,33247,2664,2868,3149,10004,33757,2969,2807,2996,3236,3942
23:30:04,9822,29466,25249,24704,23112,7906,13665,19798,23303,26627,9083,14694,19925,23891,27490,9403,14802,21004,26214,30494,9694,15458,20282,26696,32989,2651,2864,3175,10595,33631,2997,2829,2981,3259,3902
23:40:04,9921,29477,25443,24743,23159,7879,13691,19785,23266,26604,9119,14728,19902,24023,27338,9418,14777,20967,26098,30834,9724,15481,20174,26705,32557,2666,2872,3199,11308,33351,2973,2836,2999,3231,3937
23:50:04,10134,29382,25572,24693,23091,7899,13639,19727,23336,26803,9066,14667,19943,23889,27371,9426,14797,21101,26096,30814,9725,15475,20234,26659,32269,2672,2881,3225,11920,33336,2992,2823,2976,3237,3935
24:00:04,10262,29960,26139,25031,23453,7925,13650,19841,23198,26635,9072,14677,19722,23903,27467,9414,14836,21047,26127,30586,9743,15438,20222,26696,32011,2671,2891,3222,12575,33628,2994,2825,2998,3227,3911
24:10:04,10441,29870,26392,24983,23543,7905,13681,19812,23313,27046,9075,14800,19902,23881,27366,9435,14773,20891,26188,30767,9722,15453,20292,26666,31883,2671,2898,3267,13364,33426,2993,2802,2982,3227,4005
24:20:04,10600,29983,26283,25023,23626,7872,13681,19899,23238,26680,9093,14780,19926,23841,27422,9426,14755,21055,26238,30746,9682,15394,20236,26642,31780,2674,2895,3287,14254,33556,2969,2811,3003,3248,3827
24:30:04,10740,29976,26776,25086,23668,7937,13641,19841,23191,26558,9090,14877,19933,23851,27628,9412,14787,20932,26104,30611,9675,15345,20217,26656,31874,2662,2912,3319,15010,33631,2999,2812,2985,3229,3977
24:40:04,10885,29613,26745,25202,23658,7873,13705,19865,23421,26709,9063,14914,19979,24016,27470,9405,14818,20992,26464,30653,9685,15388,20251,26650,32106,2664,2924,3350,15856,34085,3001,2827,2984,3218,3910
24:50:04,11014,29614,26770,25091,23715,7876,13730,19818,23185,26346,9076,14900,19933,23923,27669,9424,14828,21000,26552,30563,9663,15386,20186,26632,32398,2663,2920,3404,16507,33966,3001,2836,2985,3223,3919
25:00:04,11182,29671,27140,25253,23934,7913,13719,19926,23352,26909,9105,14956,20036,23910,27556,9404,14856,21023,26157,30496,9681,15404,20247,26652,32655,2657,2926,3424,17279,33923,3005,2820,2992,3219,3917
25:10:04,11352,29938,27218,25356,23927,7931,13739,19863,23234,26746,9080,15012,19930,23912,27512,9436,14817,20949,26024,30628,9676,15344,20264,26622,33040,2668,2961,3488,17894,34039,3007,2824,2975,3235,3884
25:20:04,11431,29605,27113,25468,24023,7882,13744,19811,23446,26725,9074,15081,19879,24026,27411,9424,14801,20963,26123,30579,9689,15297,20284,26649,33297,2664,2961,3512,18457,34539,3004,2854,3001,3240,3998
25:30:04,11554,29855,27407,25601,24171,7951,13724,19875,23324,27036,9053,15144,19957,24008,27534,9423,14832,20950,26232,30705,9712,15353,20301,26673,33609,2677,2984,3569,19042,34509,3011,2836,2988,3228,3911
25:40:04,11673,29705,27456,25683,24265,7948,13717,19748,23201,27036,9112,15197,19953,23919,27543,9441,14815,21008,26166,31097,9689,15389,20305,26678,33817,2663,3009,3624,19417,34454,2993,2841,2997,3244,3880
25:50:04,11877,30136,27635,25795,24338,7907,13751,19857,23354,26674,9075,15250,20016,24107,27482,9431,14868,21138,26427,30951,9726,15389,20352,26694,34099,2671,3002,3689,19948,34587,3020,2833,2985,3242,3970
26:00:04,11903,29646,27468,25640,24284,7953,13798,19917,23414,26999,9155,15277,20146,24017,27718,9461,14858,21129,26673,30874,9662,15364,20372,26694,34426,2673,3043,3746,20648,34827,3019,2845,3005,3266,3971
26:10:04,12100,29642,27529,25813,24498,7949,13768,19986,23451,26560,9113,15261,20071,24033,27935,9421,14848,21041,26496,30906,9700,15363,20396,26683,34611,2689,3062,3840,21010,34647,3025,2839,3004,3248,3945
26:20:04,12214,29976,27400,26001,24618,7941,13749,19936,23498,27013,9124,15278,20080,24174,27615,9454,14941,21158,26314,30927,9691,15408,20353,26697,34713,2685,3066,3891,21285,34335,3016,2848,2990,3243,3962
26:30:04,12248,30112,27749,26133,24688,7932,13786,19819,23417,27164,9129,15326,20142,24067,27617,9466,14936,21261,26304,31035,9740,15421,20380,26765,34694,2690,3077,3991,22171,34815,3028,2851,2996,3252,3953
26:40:04,12368,29959,27791,26048,24608,7945,13821,20060,23632,27108,9177,15395,19985,24023,27680,9472,14895,21243,26355,30775,9723,15415,20485,26799,34595,2683,3109,4064,22422,34794,3046,2870,3022,3260,3976
26:50:04,12464,29970,27820,26197,24656,7949,13811,19947,23424,27370,9164,15468,20006,24133,27718,9482,14865,21210,26393,30587,9702,15433,20357,26834,34448,2686,3113,4173,22612,34454,3029,2870,3009,3273,3933
27:00:04,12522,29973,27748,26136,24692,7980,13789,19984,23789,26918,9133,15525,20136,24240,27557,9479,14945,21111,26359,30621,9731,15416,20420,26848,34251,2697,3163,4246,23276,34605,3051,2843,3013,3246,3998
27:10:04,12565,29739,27836,26049,24966,7968,13860,20139,23636,27006,9171,15472,20075,24050,27528,9506,14960,21192,26541,30767,9743,15401,20373,26951,33933,2708,3156,4367,23009,34432,3031,2855,3001,3254,3929
27:20:04,12624,30082,28076,26197,24991,7984,13902,20037,23688,27012,9198,15521,20289,24133,27740,9487,14903,21193,26564,30733,9755,15401,20429,26946,33658,2694,3181,4480,23779,34535,3061,2847,3018,3257,3883
27:30:04,12682,29798,27849,26163,25014,8003,13833,20094,23524,27293,9176,15613,20196,24225,28021,9518,14958,21191,26360,30832,9717,15401,20452,26994,33395,2691,3189,4607,23653,34771,3036,2871,3024,3265,3933
27:40:04,12729,30030,27726,26328,25161,7997,13862,20037,23754,26853,9134,15619,20172,24157,27754,9451,14930,21292,26406,31046,9725,15447,20439,26934,32979,2695,3221,4772,23375,34624,3035,2852,3021,3266,3983
27:50:04,12794,29865,27760,26529,25026,8015,13881,20059,23524,27220,9140,15673,20260,24339,27689,9500,14931,21246,26434,31350,9756,15459,20415,26994,32726,2682,3248,4918,24022,35107,3044,2866,3006,3240,3916
28:00:04,12826,29698,27807,26459,25265,7978,13847,19911,23473,27292,9143,15739,20043,24215,27744,9498,14967,21322,26208,31167,9755,15417,20466,26859,32397,2693,3263,5059,23914,34966,3053,2862,3000,3274,3939
28:10:04,12882,30286,27850,26514,25357,8010,13892,20067,23781,26968,9126,15753,20202,24073,27949,9493,14971,21222,26408,30871,9716,15441,20445,26825,32224,2688,3285,5247,24075,35071,3072,2854,3030,3268,3972
28:20:04,12946,29853,27860,26495,25225,8013,13885,20089,23745,27079,9126,15797,20160,24099,27553,9502,14937,21181,26453,30658,9733,15427,20438,26836,32119,2697,3315,5421,24606,35069,3063,2846,3005,3263,3959
28:30:04,12910,29742,27937,26604,25344,8006,13852,19990,23621,26916,9132,15797,20088,24157,27573,9508,14993,21224,26302,30843,9760,15402,20501,26867,32169,2695,3338,5632,24736,35294,3053,2868,3014,3246,3980
28:40:04,12928,29762,27876,26391,25558,7983,13889,20039,23671,27148,9146,15895,20231,24159,27991,9467,14965,21246,26529,31148,9712,15397,20440,26867,32413,2698,3359,5838,24806,34784,3061,2858,3027,3262,3931
28:50:04,12916,30076,28031,26592,25527,8011,13847,19980,23812,26960,9138,15943,20304,24371,27895,9486,15021,21212,26565,31014,9744,15481,20472,26923,32681,2706,3410,6066,24958,35052,3051,2863,3023,3255,3956
29:00:04,13013,29699,28032,26542,25362,7983,13891,19890,23723,26954,9143,16005,20071,24504,27663,9498,14944,21277,26299,30545,9725,15483,20432,26960,32974,2696,3426,6302,25045,34653,3072,2863,3006,3258,3991
29:10:04,12964,29649,28034,26839,25683,8004,13855,19994,23743,26787,9118,16012,20286,24333,28064,9485,14965,21208,26386,30506,9685,15418,20310,26988,33304,2689,3456,6531,25199,34587,3060,2865,3016,3271,3951
29:20:04,12996,29736,27974,26676,25701,8016,13786,19974,23836,26762,9124,16111,20086,24134,28060,9483,14959,21223,26414,30934,9717,15467,20459,27048,33558,2688,3497,6818,25571,34448,3054,2862,2999,3266,3877
29:30:04,13020,29746,28021,26712,25622,8003,13882,19956,23635,26743,9090,16158,20082,23973,27530,9492,14938,21108,26309,31327,9747,15404,20454,27058,33909,2696,3543,7062,25427,34583,3061,2859,3019,3250,4031
29:40:04,12941,29682,28038,26773,25776,8012,13860,20142,23588,27068,9114,16167,20209,24218,27684,9460,15049,21282,26420,31785,9743,15457,20481,27173,34157,2694,3582,7322,25809,34848,3072,2849,3019,3261,3978
29:50:04,13050,29735,28062,26841,25771,7997,13831,20003,23907,26855,9074,16240,20114,24343,27934,9466,14968,21152,26558,31036,9765,15412,20550,27124,34458,2690,3645,7567,25639,34391,3080,2866,3021,3250,4003
30:00:04,12999,29992,27943,26925,25636,8017,13889,20085,23659,26918,9105,16286,20320,24397,27823,9490,14970,21172,26566,30465,9714,15449,20491,27107,34704,2694,3695,7845,25813,34497,3087,2842,3009,3251,3941
30:10:04,12963,29547,27953,26790,25774,8002,13889,19984,23689,27056,9066,16307,20313,24382,27827,9540,14985,21131,26502,30640,9699,15422,20401,27165,34892,2684,3742,8099,25673,34942,3079,2831,3002,3249,3952
30:20:04,13020,29714,28006,26815,25855,7984,13898,19940,23754,27009,9094,16425,20239,24458,28058,9487,14957,21079,26525,31116,9736,15414,20492,27162,34922,2697,3785,8348,25890,34305,3102,2851,3004,3247,3987
30:30:04,12988,29895,28170,26976,26024,8009,13880,20070,23793,26907,9123,16459,20276,24340,27915,9500,14984,21139,26537,31259,9746,15446,20456,27136,34856,2702,3843,8634,25811,34611,3080,2836,3004,3247,3951
30:40:04,12968,29713,28132,26978,25980,8025,13904,19939,23727,27167,9105,16505,20169,24350,27696,9476,15036,21178,26407,31370,9745,15425,20478,27131,34724,2692,3909,8934,25698,34936,3081,2853,3010,3252,3905
30:50:04,13064,29879,28038,27068,25842,7991,13941,19958,23819,27015,9065,16555,20138,24189,27735,9487,14971,21065,26313,31020,9754,15368,20453,27057,34489,2683,3956,9158,25813,34681,3085,2843,3025,3250,4011
31:00:04,12985,29530,27959,26976,26018,8019,13851,19885,23866,26972,9107,16637,20138,23998,27798,9482,14955,21070,26554,30729,9711,15391,20483,26960,34240,2666,4030,9411,26120,34416,3084,2825,3006,3255,3940
31:10:04,12944,29423,27967,26976,25951,8006,13936,20105,23796,26991,9079,16719,20248,24154,27695,9509,14999,21186,26644,31161,9722,15445,20524,27044,34046,2698,4095,9670,26086,34636,3074,2830,3009,3257,3959
31:20:04,12957,29822,28081,27122,26143,7994,13906,20023,23684,27344,9093,16786,20234,24528,27998,9514,14933,21164,26532,31419,9743,15464,20484,27051,33701,2681,4161,9928,26239,34429,3093,2835,3020,3259,3890
31:30:04,12978,29655,27988,27120,26199,7992,13907,20124,23792,26767,9106,16839,20431,24437,28039,9490,14984,21251,26568,31203,9717,15486,20507,27096,33438,2681,4247,10171,26283,34740,3092,2845,3015,3253,3922
31:40:04,13001,29477,27988,27351,26291,8014,13907,20160,23854,27234,9088,16953,20154,24443,27729,9489,14921,21188,26519,31094,9741,15400,20483,27157,33179,2683,4314,10401,26225,34557,3090,2856,2997,3238,3919
31:50:04,12966,29518,28011,27266,26148,8019,13884,20181,23902,27057,9095,17004,20309,24398,27767,9458,14997,21207,26496,30759,9721,15400,20526,27188,32871,2684,4399,10631,26278,34435,3070,2837,3004,3250,3960
32:00:04,13027,29538,27949,27096,26187,8014,13940,20168,23538,26974,9076,17079,20251,24267,27934,9470,14977,21211,26352,30956,9733,15462,20362,27225,32548,2685,4487,10834,26314,34605,3073,2860,3006,3241,3906
32:10:04,12955,29452,27890,27223,26241,8009,13913,20053,23479,26886,9055,17160,20119,24141,27716,9451,14933,21142,26536,30746,9723,15430,20439,27280,32341,2689,4604,11122,26315,34006,3077,2830,3000,3244,3923
32:20:04,12953,29682,28082,27285,26415,8001,13861,20048,23746,26835,9053,17324,20164,24169,27619,9504,14949,21111,26469,31038,9676,15410,20452,27438,32282,2678,4674,11238,26742,34473,3092,2834,2995,3239,3951
32:30:04,12950,29259,27852,27360,26253,8024,13908,20239,23528,27060,9071,17406,20092,24144,27952,9468,14952,21143,26615,31085,9701,15368,20501,27428,32220,2671,4785,11432,26542,34491,3093,2840,2982,3231,3934
32:40:04,12962,29468,27765,27254,26295,7998,13836,19955,24001,26983,9033,17486,20296,24376,28097,9466,15020,21224,26566,31129,9696,15370,20417,27541,32320,2677,4891,11612,26460,33833,3082,2832,2992,3239,3921
32:50:04,12894,29573,27837,27485,26343,7984,13921,19931,23546,27004,9054,17592,20367,24522,27508,9426,14917,21301,26490,30975,9655,15416,20464,27509,32531,2678,5029,11758,26856,34077,3088,2840,2989,3236,3919
33:00:04,12864,29668,28057,27507,26449,8004,13857,19956,23685,26822,9066,17711,20205,24333,27790,9468,14946,21059,26537,30988,9701,15439,20427,27452,32857,2680,5104,11931,26809,34397,3098,2827,2996,3256,3924
33:10:04,13005,29673,27836,27301,26648,7990,13911,20004,23742,26747,9039,17822,20327,24280,27959,9463,14986,21150,26474,31293,9736,15401,20489,27426,33145,2678,5242,12111,26878,34139,3095,2835,2984,3236,3899
33:20:04,12851,29252,27756,27289,26679,7982,13876,20105,23700,26660,9070,17954,20297,24433,27490,9460,14941,21198,26384,31247,9726,15409,20445,27327,33415,2684,5359,12357,26892,34236,3083,2842,3005,3242,3907
33:30:04,12893,29326,27897,27560,26452,8011,13906,19968,23594,26662,9054,18076,20246,24166,27721,9446,14992,21180,26493,30672,9710,15370,20437,27282,33743,2682,5492,12411,26787,34122,3091,2827,2991,3238,3909
33:40:04,12891,29197,27979,27415,26584,8019,13886,19912,23511,26751,9028,18214,20253,24133,27856,9469,14935,21171,26374,30540,9729,15390,20434,27247,33937,2692,5620,12562,26877,33858,3086,2833,2983,3242,3908
33:50:04,12882,29342,27962,27352,26446,8006,13900,19953,23688,26799,9027,18333,20250,24299,27721,9453,15001,21243,26525,30822,9691,15377,20510,27189,34275,2671,5757,12741,26973,33946,3096,2819,3001,3221,3966
34:00:04,12854,29472,27715,27551,26721,8013,13869,20002,23536,26684,9028,18470,20379,24267,27858,9442,14877,21163,26533,30894,9738,15391,20396,27198,34496,2682,5874,12865,27069,34392,3094,2835,2990,3243,3904
34:10:04,12864,29113,28074,27581,26788,8019,13897,19983,23644,26753,9067,18625,20333,24360,28082,9473,14966,21139,26487,30982,9672,15466,20396,27241,34651,2680,6026,13050,27193,33929,3094,2823,2999,3235,3914
34:20:04,12829,29209,27920,27446,26639,8027,13860,20191,23752,26728,9028,18769,20347,24444,27777,9461,14944,21120,26484,31236,9720,15459,20420,27322,34855,2686,6157,13320,27145,33882,3111,2842,2986,3243,3953
34:30:04,12874,29197,27963,27548,26766,8005,13906,20018,23824,26797,9020,18863,20252,24517,27358,9497,14965,21218,26348,31326,9694,15418,20445,27346,34899,2685,6265,13294,27211,34694,3108,2823,2991,3225,3911
34:40:04,12932,29590,27748,27498,26890,7995,13927,20004,23815,26645,9052,19048,20346,24326,27937,9469,14942,21193,26410,31457,9685,15452,20458,27391,34870,2672,6357,13499,27268,34421,3120,2829,2976,3233,3884
34:50:04,12770,29168,27945,27571,26859,8026,13895,20162,23857,26704,9004,19228,20177,24312,28006,9509,14931,21215,26565,31375,9707,15415,20461,27520,34753,2683,6459,13593,27265,33746,3087,2814,2992,3235,3942
35:00:04,12808,29028,27875,27798,26993,7999,13932,20018,23826,26470,9048,19340,20122,24055,27799,9480,14934,21147,26315,31213,9686,15380,20455,27605,34611,2693,6527,13785,27332,34190,3100,2839,2990,3226,3900
35:10:04,12841,29026,27967,27585,27030,7984,13938,20062,23564,26448,9056,19464,20304,24014,27854,9445,14997,21175,26652,30803,9685,15434,20375,27626,34328,2672,6632,13860,27356,34232,3110,2821,2976,3251,3891
35:20:04,12874,29344,27865,27517,26838,7989,13897,20041,23814,26728,9049,19678,20416,24189,28057,9485,14959,21114,26472,30567,9647,15387,20434,27735,34107,2683,6726,14041,27384,33700,3110,2826,2987,3250,3937
35:30:04,12760,29323,27818,27802,26929,8001,13921,20066,23689,26556,9067,19806,20429,24263,27801,9469,14964,21168,26500,30925,9696,15356,20410,27738,33812,2684,6777,14136,27477,34334,3112,2817,2982,3216,3869
35:40:04,12789,29120,27948,27678,27139,8026,13900,19854,23585,26746,9027,20000,20209,24517,27448,9444,14902,21147,26535,30975,9703,15393,20497,27785,33555,2685,6836,14195,27426,33849,3103,2828,2977,3235,3947
35:50:04,12793,29134,27939,27783,27060,8021,13894,19938,23693,26582,9042,20161,20320,24551,27337,9515,14956,21231,26498,31147,9706,15373,20421,27813,33239,2682,6835,14355,27534,34033,3128,2830,3007,3223,3901
36:00:04,12753,29056,27625,27829,27140,8009,13920,19965,23659,26448,9024,20326,20330,24492,27198,9446,14910,21210,26406,31288,9702,15368,20483,27820,32904,2680,6912,14549,27414,34302,3128,2832,2991,3216,3919
36:10:04,12789,29164,28066,27817,27298,8019,13897,20037,23703,26628,9078,20535,20160,24250,27842,9435,14953,21170,26386,31403,9737,15364,20448,27834,32572,2703,6967,14822,27614,33310,3111,2828,2992,3220,3937
36:20:04,12747,29028,27782,27902,27050,7993,13908,20098,23638,26831,9015,20745,20246,24044,28818,9432,14976,21299,26481,31423,9707,15328,20446,27768,32384,2697,6967,14837,27599,33927,3120,2833,2959,3214,3942
36:30:04,12740,28973,27937,27774,27116,8011,13943,19900,23617,26550,9031,20971,20413,24126,28208,9460,14919,21131,26561,31131,9709,15430,20509,27799,32262,2680,7036,14996,27488,33795,3117,2823,2985,3225,3923
36:40:04,12800,29020,27891,27802,27270,8002,13908,20136,23687,26718,9051,21197,20423,24180,27203,9467,14978,21203,26553,30844,9700,15381,20415,27769,32254,2695,7003,15161,27701,33405,3121,2815,2984,3245,3950
36:50:04,12727,29158,27704,27966,27208,8016,13932,20102,23591,26783,9037,21469,20435,24314,27307,9470,15012,21208,26505,30645,9709,15405,20416,27722,32349,2685,6979,15226,27663,33945,3112,2826,2989,3238,3935
37:00:04,12768,29086,27713,27770,27283,8044,13881,20160,23808,26709,9026,21723,20236,24651,28062,9470,14900,21102,26414,30873,9709,15344,20437,27730,32602,2676,7043,15292,27894,33473,3107,2837,2978,3248,3907
37:10:04,12811,28931,28001,27903,27455,8012,13942,20087,23655,26785,9073,22020,20365,24654,27828,9458,14948,21203,26445,31210,9720,15392,20467,27699,32800,2697,6961,15571,27739,33798,3137,2831,2991,3234,3921
37:20:04,12840,28880,27813,27975,27321,8025,13950,19972,23543,26893,9082,22282,20248,24352,27512,9461,14915,21204,26379,31325,9727,15365,20441,27736,33081,2691,7008,15592,27871,33682,3116,2819,2985,3221,3936
37:30:04,12740,29100,27733,28041,27368,8026,13917,20024,23608,26637,9067,22614,20180,24325,28381,9488,14945,21116,26460,31374,9705,15385,20513,27782,33435,2698,6932,15640,27861,33514,3126,2816,2964,3220,3914
37:40:04,12764,29044,27848,28040,27349,8038,13896,19912,23593,26712,9036,22921,20403,24120,28385,9411,15005,21238,26424,31372,9716,15396,20496,27761,33706,2677,6960,15843,27976,33721,3111,2836,2986,3232,3920
37:50:04,12770,29030,27862,27854,27523,8032,13969,19859,23738,26690,9020,23230,20348,24035,28060,9533,14962,21174,26521,31413,9713,15426,20447,27820,33965,2695,6958,15780,27786,33975,3142,2827,2996,3231,3967
38:00:04,12777,28913,28031,28005,27564,8008,13926,19967,23604,26703,9044,23683,20543,24311,27465,9402,14974,21187,26523,31313,9725,15398,20550,27856,34265,2687,6932,15992,27976,33254,3149,2819,2982,3237,3886
38:10:04,12717,29138,27861,27935,27613,8018,13933,20010,23738,26797,9067,24311,20310,24642,26988,9450,14982,21133,26515,30761,9704,15397,20424,27868,34597,2695,6879,16028,28035,33656,3139,2818,2987,3223,3867
38:20:04,12792,28863,27870,27920,27438,8002,14024,19952,23467,26618,9049,25145,20419,24531,27189,9468,14949,21188,26580,30667,9716,15372,20431,27893,34763,2706,6883,16095,27934,33738,3131,2833,2981,3215,3952
38:30:04,12782,29025,27873,28048,27619,8016,13936,20004,23581,26665,9033,26618,20317,24489,28116,9474,15010,21233,26454,30698,9703,15358,20555,27993,34923,2709,6933,16238,28042,33783,3156,2830,2993,3238,3871
38:40:04,12777,28826,27909,28210,27604,8049,13946,20082,23531,26477,9050,30337,20183,24497,28600,9474,15002,21261,26484,30977,9711,15416,20519,28102,34993,2709,6839,16364,28201,33706,3152,2828,2992,3233,3931
38:50:04,12822,28986,27681,28068,27730,8026,13911,20121,23595,26532,9031,46399,20359,24332,28141,9437,14954,21233,26458,31288,9729,15400,20518,28132,34962,2702,6890,16434,28264,33941,3145,2838,3006,3236,3942
39:00:04,12727,28955,27869,28280,27676,8057,13941,19878,23579,26888,9018,71311,20282,24202,27325,9467,14971,21220,26445,31310,9761,15398,20522,28253,34897,2700,6890,16703,28222,33747,3144,2841,2996,3228,3902
39:10:04,12811,28834,27890,28074,27697,8032,13899,20004,23486,26693,9040,77377,20427,24243,27265,9474,14958,21351,26481,31581,9730,15419,20508,28310,34743,2725,6865,16637,28254,34009,3127,2836,2985,3210,3937
39:20:04,12734,28615,27941,28067,27775,8027,13937,19957,23508,26894,9028,84665,20466,24189,27455,9491,14984,21177,26514,31442,9721,15442,20468,28355,34413,2727,6857,16779,28365,33756,3140,2826,2987,3240,3902
39:30:04,12756,28783,27852,28333,27853,8064,13988,20181,23514,26905,9032,79569,20276,24353,28226,9475,14956,21156,26492,31167,9739,15396,20441,28476,34146,2698,6855,16797,28279,33590,3152,2842,2983,3231,3929
39:40:04,12710,28938,27804,28158,27946,7979,13961,20249,23417,26628,9021,75890,20326,24737,28374,9508,14997,21269,26405,30971,9758,15402,20432,28482,33897,2723,6870,16913,28235,33835,3144,2839,2989,3217,3872
39:50:04,12715,28801,27971,28347,27800,8036,13987,19999,23458,26733,9033,73396,20263,24632,28122,9454,15015,21265,26427,30653,9718,15439,20441,28585,33575,2700,6856,17050,28417,33502,3140,2841,2983,3236,3900
40:00:04,12726,28991,27898,28411,27940,8011,13937,20075,23552,26801,9059,71392,20333,24361,27694,9498,14986,21302,26507,30830,9716,15475,20526,28665,33245,2721,6868,17193,28289,33565,3160,2831,2994,3221,3923
40:10:04,12826,28825,27768,28292,27969,8025,13923,20352,23712,26517,9046,69833,20313,24284,27284,9493,14968,21243,26462,31095,9769,15425,20553,28699,32866,2725,6914,17210,28378,33621,3151,2835,2998,3236,3922
