Time,A1,A2,A3,A4,A5,A6,A7,A8,A9,A10,B1,B2,B3,B4,B5,A11,A12
0:00:06,3841,3801,3723,3832,4830,4863,4639,4767,6694,6760,2981,2750,2818,2879,2922,6429,6565
0:10:06,3213,3343,3325,3413,4127,4154,4203,4275,5790,5639,2774,2529,2555,2664,2649,5497,5506
0:20:06,3200,3286,3250,3361,4045,4111,4153,4184,5654,5522,2743,2496,2473,2607,2600,5380,5338
0:30:06,3520,3302,3257,3365,4060,4102,4144,4135,5633,5586,2751,2492,2515,2574,2599,5450,5849
0:40:06,3469,3380,3260,3496,4064,4210,4122,4075,5696,5526,2852,2532,2924,2624,2617,5373,5810
0:50:06,3456,3360,3361,3480,4036,4207,4118,4016,5833,5741,2852,2604,2864,2637,2608,5531,5999
1:00:06,3435,3346,3330,3494,4051,4219,4268,4516,5840,5721,2848,2593,2817,2766,2633,5570,5894
1:10:06,3446,3368,3326,3466,4073,4210,4239,4644,5832,5812,2830,2580,2822,2727,2613,5578,5915
1:20:06,3436,3357,3344,3466,4077,4204,4224,4709,5862,5800,2839,2589,2807,2692,2618,5621,5943
1:30:06,3416,3366,3319,3483,4105,4179,4179,4610,5899,5816,2824,2555,2791,2723,2665,5649,5976
1:40:06,3431,3354,3318,3462,4128,4171,4202,4561,5898,5851,2820,2580,2796,2723,2667,5681,6042
1:50:06,3436,3348,3300,3456,4124,4197,4194,4512,5914,5927,2825,2586,2788,2707,2657,5696,6042
2:00:06,3418,3350,3304,3453,4114,4190,4201,4510,5957,5882,2817,2559,2766,2706,2663,5719,6069
2:10:06,3406,3339,3302,3451,4103,4181,4214,4505,5974,5899,2814,2556,2793,2692,2666,5723,6084
2:20:06,3394,3325,3295,3455,4129,4207,4225,4513,5987,5927,2821,2559,2785,2704,2649,5740,6155
2:30:06,3393,3341,3291,3451,4128,4206,4242,4475,6016,5998,2809,2583,2775,2696,2680,5780,6193
2:40:06,3381,3334,3274,3448,4135,4206,4250,4498,6004,6080,2821,2575,2791,2687,2662,5793,6215
2:50:06,3397,3342,3291,3460,4153,4232,4273,4503,6023,6056,2821,2582,2769,2698,2665,5845,6250
3:00:06,3387,3331,3295,3487,4145,4247,4268,4503,6072,6072,2809,2585,2782,2701,2667,5811,6253
3:10:06,3394,3339,3313,3506,4140,4220,4274,4502,6091,6197,2811,2574,2783,2692,2657,5883,6358
3:20:06,3400,3339,3287,3488,4164,4250,4311,4497,6097,6187,2820,2575,2782,2693,2664,5892,6342
3:30:06,3395,3341,3291,3500,4182,4265,4327,4491,6128,6216,2806,2582,2773,2694,2665,5913,6412
3:40:06,3398,3344,3280,3530,4169,4296,4343,4503,6140,6148,2798,2576,2777,2694,2663,5951,6454
3:50:06,3394,3358,3311,3548,4175,4291,4378,4537,6169,6266,2805,2578,2784,2675,2670,5942,6519
4:00:06,3406,3352,3314,3601,4192,4328,4405,4547,6142,6254,2825,2575,2782,2694,2666,6000,6549
4:10:06,3419,3364,3304,3630,4186,4348,4435,4555,6166,6278,2815,2577,2794,2705,2678,6028,6599
4:20:06,3411,3345,3311,3673,4209,4375,4480,4573,6213,6336,2814,2579,2785,2698,2685,6093,6684
4:30:06,3443,3358,3332,3708,4233,4413,4494,4603,6276,6285,2816,2584,2776,2703,2662,6102,6751
4:40:06,3440,3367,3335,3740,4223,4458,4565,4585,6260,6282,2811,2567,2762,2696,2668,6140,6858
4:50:06,3427,3364,3343,3802,4254,4501,4622,4612,6296,6289,2808,2585,2770,2707,2680,6152,7008
5:00:06,3464,3365,3381,3910,4229,4560,4680,4658,6301,6311,2824,2589,2757,2700,2666,6191,7136
5:10:06,3458,3379,3400,3999,4250,4625,4753,4667,6274,6434,2834,2583,2765,2715,2672,6287,7220
5:20:06,3445,3363,3406,4123,4272,4675,4880,4696,6346,6387,2833,2581,2754,2705,2693,6291,7465
5:30:06,3451,3393,3436,4233,4272,4830,4932,4741,6374,6519,2833,2567,2745,2700,2667,6410,7724
5:40:06,3455,3411,3460,4369,4272,4897,5047,4763,6377,6518,2829,2593,2750,2684,2672,6448,7934
5:50:06,3470,3414,3512,4538,4293,5047,5173,4835,6403,6653,2806,2604,2764,2696,2682,6526,8144
6:00:06,3481,3447,3574,4779,4296,5124,5341,4858,6400,6685,2829,2589,2753,2688,2685,6606,8450
6:10:06,3490,3478,3607,4987,4293,5362,5482,4916,6443,6629,2833,2592,2745,2695,2685,6770,8770
6:20:06,3473,3486,3673,5392,4303,5495,5667,4978,6394,6751,2812,2595,2780,2707,2668,6897,9073
6:30:06,3489,3531,3737,5792,4317,5634,5909,5059,6424,6848,2841,2588,2737,2700,2679,6976,9632
6:40:06,3492,3577,3826,6178,4350,5922,6133,5124,6451,7017,2826,2590,2724,2698,2681,7127,9974
6:50:06,3531,3608,3905,6594,4327,6183,6398,5252,6444,7100,2829,2598,2758,2697,2673,7246,10335
7:00:06,3519,3668,4012,7004,4355,6441,6724,5351,6489,7247,2829,2585,2754,2707,2672,7434,10799
7:10:06,3560,3730,4146,7577,4353,6869,7052,5497,6503,7489,2827,2583,2755,2715,2690,7660,11338
7:20:06,3570,3779,4284,8299,4357,7271,7516,5668,6522,7556,2828,2614,2750,2714,2672,7782,11863
7:30:06,3608,3870,4423,8919,4368,7760,8029,5885,6538,7706,2829,2594,2745,2692,2683,8018,12528
7:40:06,3644,3952,4573,9756,4403,8161,8605,6146,6571,7803,2833,2589,2770,2727,2680,8249,13640
7:50:06,3673,4050,4756,10526,4410,8696,9268,6421,6576,8021,2837,2591,2740,2697,2666,8524,14518
8:00:06,3724,4194,4974,11765,4447,9540,10090,6779,6589,8347,2836,2613,2760,2686,2685,8812,14885
8:10:06,3776,4337,5148,13256,4448,10120,11003,7194,6594,8550,2827,2608,2766,2706,2673,9109,16048
8:20:06,3869,4499,5434,16026,4465,10998,12051,7726,6639,8641,2830,2585,2763,2684,2677,9373,17001
8:30:06,3935,4692,5683,18246,4497,11779,13151,8285,6632,8941,2836,2580,2763,2705,2681,9702,18787
8:40:06,4022,4908,6008,19300,4530,12708,14307,8892,6697,9154,2834,2581,2733,2717,2669,10065,19346
8:50:06,4114,5165,6357,22257,4526,13649,15600,9564,6724,9396,2840,2592,2740,2714,2700,10449,20595
9:00:06,4210,5466,6747,24549,4561,14290,16938,10308,6756,9683,2816,2581,2740,2696,2692,10861,21740
9:10:06,4281,5812,7216,26494,4558,15185,18161,11020,6743,9859,2806,2589,2745,2693,2698,11241,23030
9:20:06,4356,6201,7788,28421,4603,16193,19650,11794,6749,10063,2823,2593,2752,2723,2687,11697,23442
9:30:06,4457,6657,8390,30528,4639,17209,21284,12629,6826,10508,2841,2586,2724,2707,2707,12225,25055
9:40:06,4539,7154,9061,32457,4666,18382,23207,13495,6809,10761,2827,2598,2744,2699,2701,12788,25258
9:50:06,4613,7774,9874,34138,4687,19540,25030,14284,6858,11111,2825,2601,2726,2695,2725,13428,26309
10:00:06,4710,8442,10736,36106,4750,20358,26490,15138,6851,11438,2831,2592,2725,2695,2710,14131,27144
10:10:06,4810,9218,11762,38136,4772,21219,28124,15785,6916,11652,2829,2594,2729,2709,2700,14948,28828
10:20:06,4929,10040,12841,40112,4827,22136,29587,16524,6970,12106,2825,2601,2708,2689,2701,15680,30202
10:30:06,5014,10978,13965,42693,4851,22676,30862,17201,6894,12520,2827,2573,2708,2716,2706,16491,30735
10:40:06,5128,11966,15126,44122,4898,23579,32345,17772,6984,12709,2805,2588,2719,2701,2706,17310,31853
10:50:06,5234,13096,16219,45243,4936,23848,33587,18243,7028,13201,2820,2581,2723,2708,2696,18215,33648
11:00:06,5341,14354,17352,46410,5015,24532,35069,18737,7089,13676,2832,2597,2705,2705,2688,18965,33534
11:10:06,5480,15635,18515,47265,5080,24803,36137,19227,7067,13845,2814,2601,2730,2719,2710,19851,34853
11:20:06,5600,16974,19686,48245,5140,25349,37521,19360,7127,14178,2813,2596,2718,2700,2690,20745,35897
11:30:06,5725,18147,21213,49787,5201,25551,38468,19787,7167,14513,2826,2600,2691,2728,2710,21665,36769
11:40:06,5889,19421,22703,50109,5246,25977,39208,19723,7161,14670,2824,2599,2703,2714,2699,22515,36786
11:50:06,6000,20775,24058,50898,5300,26258,39904,20114,7257,14896,2820,2604,2724,2719,2710,23282,39941
12:00:06,6109,21909,25674,51830,5377,26429,40684,20200,7310,15060,2843,2599,2736,2713,2699,23994,38183
12:10:06,6228,22851,26973,51395,5470,26796,41024,20306,7340,15097,2811,2589,2738,2711,2725,24795,39138
12:20:06,6327,24205,28041,52405,5538,26726,41328,20591,7399,15529,2806,2594,2745,2710,2701,25554,41144
12:30:06,6423,25512,29046,52416,5596,26867,41394,20565,7423,15518,2825,2612,2728,2711,2710,26063,41176
12:40:06,6508,26367,29877,52444,5670,26854,41544,20656,7488,16013,2821,2593,2743,2722,2725,26809,41353
12:50:06,6602,27235,30504,52454,5778,26931,41707,20811,7560,16131,2815,2597,2746,2726,2701,27408,42022
13:00:06,6777,27723,31155,52411,5848,27262,41840,20941,7585,16319,2806,2602,2733,2734,2723,27979,41806
13:10:06,6972,28445,31590,53278,6160,27153,42002,20997,7662,16596,2818,2606,2745,2715,2721,28226,43432
13:20:06,7205,29413,32292,52781,6280,27041,41912,20928,7666,16410,2819,2592,2761,2727,2718,28669,43220
13:30:06,7435,29784,33170,52174,6391,27295,42181,20944,7757,16599,2819,2608,2761,2739,2720,29040,43476
13:40:06,7838,30208,33755,53970,6457,27071,41934,20981,7824,16955,2808,2602,2766,2725,2727,29498,42998
13:50:06,8121,30711,33525,54038,6570,27449,41934,21063,7890,17244,2816,2612,2783,2741,2740,29621,43183
14:00:06,8373,30929,33451,53984,6695,27401,42130,21090,7957,16785,2818,2611,2775,2747,2713,29937,44545
14:10:06,8616,31259,33561,54742,6796,27477,42139,21107,8000,17625,2805,2608,2779,2740,2733,30133,43997
14:20:06,8872,31411,33938,55287,6957,27244,41959,21204,8050,17525,2815,2618,2786,2758,2740,30331,44006
14:30:06,9187,31582,34377,54868,7052,27657,41753,21286,8070,17217,2815,2610,2783,2758,2746,30500,44816
14:40:06,9436,31745,34936,55235,7168,27373,41854,21531,8124,18111,2817,2611,2784,2754,2754,30602,43889
14:50:06,9685,31846,34453,55802,7300,27178,41814,21597,8167,17921,2821,2625,2794,2773,2750,30738,43871
15:00:06,9907,31910,34257,55745,7367,27243,41987,21566,8216,18063,2823,2620,2772,2754,2740,31012,44132
15:10:06,10125,32177,34253,55519,7415,27304,41908,21581,8235,18023,2822,2631,2783,2777,2736,30988,44158
15:20:06,10302,32420,34203,55188,7496,27108,41492,21678,8351,18404,2813,2612,2800,2793,2762,31288,44578
15:30:06,10450,32454,34397,54601,7564,27190,41775,21644,8313,18291,2816,2626,2790,2797,2759,31355,44066
15:40:06,10589,32419,34374,55366,7614,27428,41776,21634,8388,18473,2816,2631,2804,2817,2772,31263,44889
15:50:06,10746,32442,35134,55616,7693,27682,41696,21670,8435,18639,2803,2625,2804,2838,2796,31445,45283
16:00:06,10822,32428,35130,55180,7795,27368,41775,21669,8439,18566,2803,2632,2793,2848,2767,31607,44740
16:10:06,10906,32379,35021,54490,7859,27386,41324,21593,8489,18612,2814,2638,2813,2867,2808,31673,45074
16:20:06,11021,32424,34537,54138,7924,27364,41705,21747,8538,18594,2816,2636,2815,2893,2813,31499,45282
16:30:06,11107,32167,34541,55044,8046,27604,41591,21718,8604,18249,2811,2633,2829,2896,2815,31744,45328
16:40:06,11214,32316,34525,55057,8100,27496,41381,21738,8598,18222,2814,2642,2829,2925,2826,31883,46301
16:50:06,11255,32270,34561,55457,8166,27401,41466,21741,8589,18299,2826,2646,2833,2972,2854,31811,45853
17:00:06,11381,32231,34112,54779,8214,27419,41312,21787,8635,18227,2813,2662,2820,2955,2858,31758,44990
17:10:06,11320,32385,34531,54558,8290,27310,41201,21793,8700,18908,2823,2659,2843,3009,2866,32093,44191
17:20:06,11367,32328,35043,54420,8359,27425,41106,21884,8700,18769,3005,2648,2826,3036,2882,31786,45318
17:30:06,11414,32075,35340,54870,8346,27707,41156,21752,8747,18700,2990,2672,2856,3067,2918,32017,44907
17:40:06,11485,32119,35602,54757,8357,27677,41114,21903,8793,19337,2994,2680,2863,3110,2943,32251,44807
17:50:06,11484,32141,35592,54085,8432,27492,41089,21863,8832,19042,3002,2700,2843,3163,2964,32403,45510
18:00:06,11590,32098,35623,54179,8495,27418,41037,21841,8821,19002,2989,2683,2866,3220,2974,32256,44930
18:10:06,11595,31952,35825,54265,8558,27539,40947,21880,8796,19119,3007,2695,2881,3261,3029,32428,44050
18:20:06,11666,31832,35631,54138,8603,27432,40947,21784,8904,19079,3016,2701,2857,3315,3072,32522,45430
18:30:06,11704,31759,35742,54456,8672,27270,41077,21937,8927,19196,3012,2725,2872,3391,3093,32531,44998
18:40:06,11729,31624,35420,53966,8684,27292,40999,21799,8967,19274,3007,2747,2883,3451,3132,32435,45121
18:50:06,11718,31766,35603,54746,8771,27513,40939,21860,8904,19587,3032,2751,2882,3548,3166,32543,45643
19:00:06,11716,31630,35582,54878,8854,27421,40941,21909,8961,19658,3017,2759,2875,3627,3202,32692,44205
19:10:06,11702,31469,35422,54586,8825,27345,40825,21912,9005,19359,3047,2769,2897,3703,3258,32708,44929
19:20:06,11753,31426,35291,54073,8848,27366,40752,21906,9076,19512,3043,2809,2887,3807,3302,32875,43972
19:30:06,11704,31164,35384,53905,8916,27211,40799,21861,9064,19517,3061,2821,2919,3938,3360,32818,44333
19:40:06,11772,31201,35532,54025,8952,27318,40695,21903,9109,19102,3082,2848,2929,4060,3413,32716,44145
19:50:06,11714,31014,35609,53887,8978,27286,40498,22079,9028,19279,3090,2880,2942,4205,3500,32762,43956
20:00:06,11683,30977,35552,54046,9037,27381,40579,22036,9113,19285,3089,2911,2964,4317,3568,32647,43878
20:10:06,11683,30823,35509,54066,9130,27386,40644,22048,9110,19417,3111,2951,2988,4474,3651,32691,43320
20:20:06,11735,30778,35457,54314,9139,27624,40494,22068,9203,19154,3120,2982,3005,4673,3738,32797,44145
20:30:06,11677,30761,35390,54962,9127,27169,40281,22133,9119,19370,3117,3058,3035,4838,3831,32811,44165
20:40:06,11674,30668,35544,54443,9218,27356,40340,22098,9210,19459,3132,3058,3064,5046,3948,32872,44725
20:50:06,11701,30593,35224,54850,9271,27369,40417,22184,9192,19715,3157,3152,3124,5269,4113,32951,44400
21:00:06,11795,30417,35261,54213,9334,27357,40280,22223,9228,19579,3173,3221,3160,5530,4256,32715,43955
21:10:06,11781,30508,35202,54035,9350,27329,40145,22148,9290,19463,3190,3264,3206,5786,4445,32685,43748
21:20:06,11843,30358,35361,53756,9321,27319,40333,22172,9263,19721,3178,3334,3290,6156,4657,32702,44032
21:30:06,11915,30408,35177,53742,9372,27112,40311,22146,9265,19669,3208,3389,3333,6526,4887,32708,44174
21:40:06,11909,30403,35061,53588,9399,27270,40056,22107,9293,19643,3215,3431,3410,6981,5159,32835,43694
21:50:06,11970,30089,35203,53644,9400,27144,40135,22130,9274,19527,3240,3517,3495,7471,5438,32831,43377
22:00:06,12016,30105,34886,53174,9409,27252,40097,22151,9275,19529,3263,3582,3577,8047,5806,32928,43468
22:10:06,12022,29991,34824,53912,9402,27261,39922,22157,9321,19846,3239,3667,3680,8682,6211,32999,43673
22:20:06,12066,30075,34543,54009,9437,27260,39858,22011,9331,20195,3262,3711,3797,9393,6614,32933,43874
22:30:06,12067,30024,34492,54244,9485,27215,39907,22226,9321,19874,3284,3806,3944,10114,7142,32955,43374
22:40:06,12128,29825,34373,53780,9459,27163,39672,22218,9372,19865,3274,3929,4036,10987,7698,32982,43676
22:50:06,12074,29896,34259,53768,9466,27049,39697,22182,9322,19696,3302,4002,4171,11938,8271,32846,43891
23:00:06,12114,29667,34031,53728,9516,27126,39519,22125,9311,19907,3319,4052,4343,12992,8945,32881,43833
23:10:06,12142,29860,34267,53249,9520,27001,39821,22121,9342,19899,3338,4167,4516,14098,9674,32949,43413
23:20:06,12128,29735,34135,53394,9522,27016,39589,22096,9279,19743,3345,4253,4705,15393,10434,32820,43695
23:30:06,12113,29819,34085,53312,9520,26896,39317,22135,9414,20016,3381,4340,4880,16791,11184,32887,43623
23:40:06,12095,29664,34117,53096,9445,27149,39285,22139,9392,19736,3393,4442,5107,18396,11815,33023,43510
23:50:06,12168,29574,33891,53158,9494,26984,39490,22164,9553,20010,3411,4490,5340,20254,12373,33107,43660
24:00:06,12226,29591,34110,52728,9458,26972,39219,22284,9579,20257,3408,4573,5549,22383,12664,32901,43523
24:10:06,12166,29660,33956,52577,9551,27081,38977,22163,9533,20115,3422,4671,5762,24529,12903,33020,43339
24:20:06,12202,29523,33960,52890,9522,27050,39313,22210,9669,19997,3443,4754,5986,26920,13124,32917,43198
24:30:06,12213,29513,33966,52449,9472,27188,39198,22256,9583,19942,3455,4817,6266,29508,13055,33078,43493
24:40:06,12268,29607,33880,52397,9406,27243,38810,22200,9556,20030,3457,4887,6499,32318,13150,33094,43500
24:50:06,12260,29582,33648,52587,9462,27306,39030,22120,9553,20117,3468,4970,6722,35307,13100,33098,42693
25:00:06,12220,29591,33931,52541,9448,27339,39204,22279,9603,20293,3458,5055,6906,38489,13135,33040,43354
25:10:06,12193,29565,33771,53009,9460,27076,38745,22201,9551,20034,3482,5093,7181,41902,13064,33039,43138
25:20:06,12198,29578,33949,52734,9455,26938,38592,22078,9595,20176,3515,5132,7413,45015,13052,33152,43126
25:30:06,12211,29604,33837,52700,9488,27088,38928,22142,9655,20083,3478,5248,7514,48551,13136,33164,43310
25:40:06,12175,29377,33672,52676,9441,27095,38757,22206,9668,20103,3503,5268,7717,51527,13027,32976,43260
25:50:06,12219,29584,33691,52258,9436,26996,38488,22184,9639,19869,3489,5300,7632,54328,13201,33206,43313
26:00:06,12265,29499,33821,52464,9488,27116,38461,22208,9630,20084,3491,5422,7827,56704,13168,33245,42921
26:10:06,12216,29345,33958,52030,9520,26982,38705,22180,9667,20285,3476,5425,7804,59795,13077,33167,43581
26:20:06,12263,29432,34162,52122,9567,27147,38458,22167,9743,19973,3462,5540,7982,62460,13070,33312,43043
26:30:06,12251,29465,34255,52159,9547,26812,38281,22207,9692,20294,3472,5510,7913,64125,13170,33301,42944
26:40:06,12318,29324,34370,52292,9484,26843,38541,22267,9695,19997,3463,5550,7876,66213,13125,33213,42536
26:50:06,12233,29421,34180,51784,9527,27172,38458,22228,9717,20204,3485,5639,7983,67920,12977,33282,43269
27:00:06,12223,29383,34462,52055,9604,27228,38124,22273,9699,20168,3473,5688,8023,68642,13048,33392,42855
27:10:06,12274,29205,34245,51974,9543,26776,38047,22241,9739,20091,3489,5752,8029,70006,13191,33356,43050
27:20:06,12254,29149,34429,51831,9523,27047,38194,22248,9764,20220,3481,5772,7991,69922,13156,33385,43072
27:30:06,12215,29052,34391,51518,9581,26906,38109,22263,9755,20050,3483,5837,8004,71445,13153,33196,43473
27:40:06,12237,28975,34478,51773,9621,27017,37955,22162,9779,20257,3456,5867,7946,69960,13113,33176,43621
27:50:06,12202,28945,34350,51796,9566,27029,37862,22167,9793,20239,3465,5876,8057,71063,13098,33255,43786
28:00:06,12301,28798,34381,51939,9537,27006,38231,22253,9795,20194,3449,5958,8034,70057,13106,33286,43623
28:10:06,12220,28961,34595,51472,9550,27153,38082,22198,9756,20243,3435,5977,8025,71267,13048,33250,43721
28:20:06,12258,28774,34541,51725,9550,26808,38020,22105,9738,20058,3460,6029,8085,71083,13083,33208,43549
28:30:06,12243,28860,34400,51306,9541,26962,37746,22228,9756,20192,3413,6024,8122,70396,13050,33319,43607
28:40:06,12087,28651,34352,51285,9569,26984,38044,22158,9796,20072,3422,6105,8063,71681,13170,33341,43679
28:50:06,12188,28836,34477,51147,9618,26946,38177,22112,9906,20312,3428,6096,8136,70234,13116,33262,43028
29:00:06,12115,28924,34354,51445,9618,26936,38014,22151,9845,20129,3401,6157,8206,70939,13132,33423,43059
29:10:06,12213,28841,34544,51015,9637,26801,37951,22082,9867,20192,3398,6231,8109,70856,13100,33472,43336
29:20:06,12204,28797,34553,51250,9666,26875,37899,22130,9835,20358,3386,6197,8120,70868,13145,33446,43193
29:30:06,12255,28855,34588,51329,9628,26802,37968,22259,9922,20540,3383,6240,8157,70690,13183,33371,43228
29:40:06,12258,28722,34476,51224,9630,27120,38100,22159,9886,20332,3349,6281,8124,70391,13049,33484,43074
29:50:06,12222,28806,34519,51031,9597,26980,38190,22215,9923,20360,3344,6264,8089,70690,13101,33514,43095
30:00:06,12205,28649,34491,51077,9567,27113,38153,22312,9868,20318,3327,6377,8144,70610,13065,33514,43378
30:10:06,12266,28874,34499,51120,9676,26945,38095,22184,9868,20301,3316,6349,8182,70229,13122,33592,43582
30:20:06,12269,28779,34575,50921,9649,27136,37869,22217,9974,20232,3305,6412,8179,70026,13108,33537,43473
30:30:06,12261,28702,34524,50911,9611,27219,37772,22289,9932,20450,3293,6490,8213,70304,13118,33510,43471
30:40:06,12290,28710,34693,50922,9704,27115,38026,22353,9974,20333,3299,6440,8248,70284,13109,33523,43322
30:50:06,12250,28937,34492,51131,9612,27285,38230,22463,9957,20313,3269,6531,8223,70233,13121,33675,43322
31:00:06,12300,28833,34586,51244,9652,27349,38102,22439,10028,20344,3263,6508,8225,70012,13225,33629,43282
31:10:06,12273,28853,34487,50940,9660,27206,37933,22466,10064,20505,3237,6525,8259,69858,13086,33637,43372
31:20:06,12433,28783,34617,50852,9626,27155,37610,22378,10041,20624,3231,6545,8247,69855,13146,33546,43435
31:30:06,12315,28936,34594,50779,9650,27173,37847,22350,10046,20458,3243,6542,8225,69423,13153,33578,43485
31:40:06,12369,28720,34597,50835,9702,27254,37956,22425,10065,20522,3231,6588,8216,69107,13102,33637,44164
31:50:06,12436,28645,34719,50794,9686,27159,37972,22349,10104,20399,3203,6592,8286,68948,13139,33748,44076
32:00:06,12353,28862,34663,51024,9625,27162,37801,22326,10053,20499,3191,6629,8226,69078,13167,33829,43988
32:10:06,12396,28693,34552,49901,9743,27183,37648,22362,10119,20784,3167,6668,8246,68564,13053,33687,43925
32:20:06,12433,28700,34614,49884,9648,27118,37620,22252,10031,20642,3170,6752,8230,68844,13071,33705,44076
32:30:06,12446,28739,34584,49824,9691,27030,37635,22222,10142,20561,3164,6659,8258,68361,13130,33810,43704
32:40:06,12435,28673,34794,50039,9623,27175,37835,22313,10040,20611,3142,6736,8195,69007,13154,33592,43689
32:50:06,12449,28734,34398,50227,9642,27013,37587,22342,10163,20606,3144,6681,8198,68382,13065,33510,43755
33:00:06,12482,28654,34647,49753,9636,26957,37464,22444,10092,20585,3147,6754,8238,68744,13138,33685,43534
33:10:06,12541,28616,34538,50118,9692,26802,37260,22439,10142,20487,3124,6699,8285,68069,13136,33620,43651
33:20:06,12506,28535,34588,50309,9620,27019,37347,22439,10135,20619,3127,6732,8225,68143,13153,33557,43380
33:30:06,12573,28498,34583,50061,9636,26851,37522,22370,10151,20533,3107,6762,8254,68008,13150,33567,43439
33:40:06,12542,28613,34438,49969,9583,26894,37591,22434,10099,20629,3119,6787,8213,67855,13156,33615,43364
33:50:06,12541,28605,34639,49853,9609,26882,37661,22434,10083,20522,3088,6785,8220,67396,13134,33739,43628
34:00:06,12499,28395,34676,50045,9602,27004,37769,22412,10107,20509,3088,6877,8271,67266,13166,33704,43513
34:10:06,12527,28580,34492,49862,9635,26789,37630,22372,10224,20517,3087,6829,8210,67242,13143,33765,43472
34:20:06,12561,28360,34408,49646,9641,27139,37577,22422,10167,20582,3069,6877,8225,66954,13106,33738,43503
34:30:06,12531,28449,34505,49823,9583,26725,37454,22348,10191,20740,3074,6810,8238,66735,13132,33794,43625
34:40:06,12551,28506,34453,49907,9658,26920,37295,22406,10248,20720,3028,6855,8203,67044,13102,33713,43586
34:50:06,12554,28311,34505,49422,9619,26970,37413,22457,10228,20774,3060,6865,8297,67051,13120,33878,43607
35:00:06,12482,28286,34417,49458,9679,26967,37279,22382,10236,20819,3039,6918,8238,66825,13094,33803,43211
35:10:06,12512,28460,34476,49415,9600,26958,37332,22409,10208,20731,3036,6906,8239,66677,13133,33831,43727
35:20:06,12498,28422,34361,49300,9676,27085,37278,22355,10246,20881,3025,6916,8233,66795,13067,33801,43679
35:30:06,12522,28217,34650,49271,9623,26798,37316,22354,10275,20751,3004,6961,8266,66315,13110,33847,44032
35:40:06,12584,28410,34488,49236,9719,26806,37360,22343,10215,20872,3015,6895,8226,66436,13175,33798,44071
35:50:06,12558,28188,34320,49458,9622,26807,37521,22529,10226,20712,2965,6989,8305,65690,13094,33848,44320
36:00:06,12520,28313,34363,49513,9632,26809,37548,22414,10290,20772,2964,6959,8302,66051,13105,33906,44365
36:10:06,12586,28320,34491,49545,9675,26777,37334,22420,10294,20840,2956,6943,8308,65823,13066,33855,44646
36:20:06,12535,28328,34297,48865,9679,26882,37278,22479,10330,20980,2964,6916,8294,65667,13099,33973,44541
36:30:06,12578,28164,34352,49262,9678,27047,37254,22510,10274,21091,2940,6978,8263,65954,13035,34029,44786
36:40:06,12545,28217,34254,49084,9645,26891,37169,22545,10295,21008,2934,6978,8269,65134,13093,34017,44850
36:50:06,12588,28246,34410,49058,9610,26893,37125,22535,10291,20906,2935,6974,8317,65036,13029,33970,44640
37:00:06,12566,28153,33872,48690,9665,27022,37108,22658,10334,21021,2924,6999,8342,65198,13094,34056,44808
37:10:06,12581,28215,33979,48787,9606,26834,37087,22527,10320,20995,2901,7032,8247,65304,13084,33876,45502
37:20:06,12552,28144,34046,48563,9666,26759,37150,22603,10333,21094,2889,7056,8221,65239,13026,34021,45845
37:30:06,12617,28014,33935,48491,9594,26732,37401,22485,10345,21191,2879,7066,8293,65091,13046,33888,46221
37:40:06,12523,28108,34066,48641,9678,26700,37480,22608,10401,21091,2865,7038,8298,65083,12974,34042,46541
37:50:06,12571,28258,33728,48088,9612,26891,37530,22582,10439,21290,2851,7094,8305,64463,13124,33973,46572
38:00:06,12570,28212,33995,48459,9658,26709,37351,22555,10440,20912,2864,7051,8311,64620,13051,34127,47050
38:10:06,12629,28157,33879,48109,9660,26828,37058,22624,10432,21224,2851,7021,8310,64931,13063,34109,47238
38:20:06,12541,28135,33909,47791,9647,26606,36855,22644,10363,21216,2864,7085,8308,64653,13060,34043,47436
38:30:06,12584,28203,33783,47623,9654,26735,37069,22590,10413,21217,2856,7083,8375,64511,13071,34224,47779
38:40:06,12563,28181,34080,47893,9664,26750,36894,22643,10397,21191,2844,7107,8345,64330,13004,34079,48277
38:50:06,12519,28007,33935,47849,9638,26695,36963,22612,10445,21181,2866,7094,8253,64300,13092,34010,48322
39:00:06,12556,27992,33778,47590,9690,26794,37006,22663,10478,21276,2849,7140,8259,64237,13124,34055,48579
39:10:06,12532,28049,33896,47892,9636,26817,37196,22638,10508,21266,2838,7069,8280,64159,13019,34083,49313
39:20:06,12556,28028,33823,47555,9659,26675,37176,22707,10463,21088,2845,7146,8277,64209,12999,33976,49640
39:30:06,12577,28195,33876,47254,9667,26574,37317,22602,10535,20963,2855,7202,8279,63921,13097,34011,50259
39:40:06,12560,28118,33725,47361,9683,26942,37323,22632,10490,21411,2859,7116,8313,64131,13030,34035,50410
39:50:06,12593,27997,33809,47091,9678,26879,37067,22698,10490,21281,2858,7230,8382,64052,13024,34018,50746
40:00:06,12571,27963,34080,47057,9669,26826,36920,22748,10488,21016,2841,7177,8353,63706,12980,34113,51202
40:10:06,12594,28106,33998,46955,9700,26825,36836,22717,10492,21263,2841,7196,8287,62967,13027,34068,51638
40:20:06,12550,28118,33884,46751,9672,26971,36948,22721,10514,21363,2852,7215,8332,63204,13054,33895,52092
40:30:06,12567,28055,33916,47288,9654,26760,36966,22676,10513,21347,2848,7154,8298,63758,13044,34131,52499
40:40:06,12605,28019,33881,47232,9706,26736,37101,22650,10553,21402,2844,7129,8342,62742,12998,33872,52981
40:50:06,12587,27970,33704,46506,9742,26801,37088,22652,10434,21265,2836,7153,8339,62934,13046,33893,53205
41:00:06,12601,28065,33762,46716,9733,26679,37140,22679,10537,21195,2835,7207,8388,62992,13013,34008,53493
41:10:06,12608,27995,33698,47082,9701,26643,37011,22667,10578,21002,2830,7159,8320,62993,13092,34050,53922
41:20:06,12622,28028,33662,46594,9716,26585,37071,22604,10578,20996,2841,7153,8348,63050,13018,34035,54430
41:30:06,12650,28080,33895,46658,9762,26655,36998,22736,10551,20990,2826,7203,8362,62964,12959,34212,54811
41:40:06,12674,27897,33865,46244,9779,26382,36938,22645,10483,21102,2822,7209,8316,63094,13062,34030,55267
41:50:06,12586,28038,33487,46474,9773,26440,36919,22630,10629,20985,2822,7177,8336,62911,13052,34020,55560
42:00:06,12617,28088,33891,46487,9792,26745,36841,22664,10592,21117,2819,7209,8295,62403,13020,34020,55879
42:10:06,12662,27969,33619,46202,9802,26523,36941,22723,10641,21055,2813,7226,8248,62333,13031,34087,56316
42:20:06,12582,28041,33687,46369,9777,26755,37009,22620,10616,21092,2807,7241,8229,62177,13008,34103,56663
42:30:06,12643,27966,33581,46074,9737,26389,37047,22572,10613,21016,2819,7219,8286,62044,13034,33845,57068
42:40:06,12654,27959,33635,46250,9747,26604,36895,22667,10625,21066,2829,7238,8317,62158,13015,34021,57501
42:50:06,12684,27910,33549,46157,9827,26500,36877,22613,10655,21014,2815,7276,8323,62095,13029,34068,57818
43:00:06,12684,28020,33556,46286,9753,26357,36818,22681,10598,20999,2820,7240,8260,61809,13062,34085,58249
43:10:06,12707,27763,33586,45853,9764,26493,36764,22702,10680,21213,2820,7197,8244,62092,12938,34067,58485
43:20:06,12694,27667,33496,46053,9748,26379,36775,22682,10656,21279,2796,7221,8276,61616,12987,34124,59079
43:30:06,12697,27689,33604,45839,9686,26361,36542,22657,10699,21363,2799,7228,8250,61742,12992,33936,59325
43:40:06,12733,27758,33404,45813,9688,26394,36573,22694,10678,21315,2819,7256,8246,61280,12930,33934,59648
43:50:06,12680,27748,33583,45950,9706,26567,36635,22653,10645,21039,2804,7209,8227,61296,13022,33981,60098
44:00:06,12708,27836,33490,45671,9722,26429,36513,22735,10582,20979,2781,7172,8206,60730,12997,34025,60445
44:10:06,12698,27486,33225,45527,9735,26518,36521,22711,10569,21157,2788,7246,8183,61569,13065,33970,60919
44:20:06,12745,27679,33458,45262,9700,26377,36527,22711,10675,21114,2779,7275,8216,61077,12981,34034,61348
44:30:06,12720,27612,33408,45224,9720,26421,36584,22641,10657,21150,2808,7208,8141,61303,12970,33982,61689
44:40:06,12741,27674,33380,45068,9733,26385,36444,22706,10713,21085,2793,7233,8207,61088,12905,33895,62158
44:50:06,12785,27620,33336,45186,9711,26508,36472,22678,10636,21053,2791,7238,8170,60642,13006,34012,62596
45:00:06,12780,27588,33287,45452,9749,26402,36405,22629,10650,21088,2792,7290,8195,60859,12989,33855,62914
45:10:06,12779,27532,33197,45169,9668,26465,36365,22676,10593,21008,2794,7236,8166,60644,13035,33961,63310
45:20:06,12775,27600,33460,44947,9717,26468,36395,22587,10708,21072,2793,7290,8149,60373,12874,33894,63851
45:30:06,12798,27424,33274,44721,9662,26282,36376,22611,10770,21219,2778,7209,8176,60297,12904,33764,64289
45:40:06,12831,27563,33226,44980,9693,26335,36478,22707,10626,20915,2777,7240,8088,59899,12991,33811,64920
45:50:06,12833,27402,33499,44592,9735,26378,36267,22633,10670,21126,2781,7265,8158,60284,12901,34088,65482
46:00:06,12813,27419,32983,44535,9757,26328,36200,22571,10646,21215,2782,7293,8094,60523,12931,33973,66144
46:10:06,12825,27397,33282,44395,9709,26460,36011,22577,10717,21142,2778,7265,8104,60184,12888,34031,66832
46:20:06,12822,27440,33039,44214,9715,26422,35890,22503,10678,21078,2782,7232,8097,60573,12891,33901,67807
46:30:06,12870,27167,33104,44329,9745,26161,35856,22581,10702,21258,2774,7274,8112,60254,12840,34192,68925
46:40:06,12874,27146,33165,44335,9763,26170,35931,22596,10644,21067,2780,7219,8115,60349,12907,34246,71529
46:50:06,12881,27446,33138,44348,9773,26347,36035,22631,10671,21063,2777,7257,8066,60511,12922,34291,95145
47:00:06,12913,27270,32990,44119,9727,26325,36030,22614,10707,21403,2775,7266,8082,59819,12874,34392,OVRFLW
47:10:06,12956,27462,33230,44374,9778,26354,36118,22657,10665,21207,2775,7242,8116,59604,12881,34163,OVRFLW
47:20:06,12958,27388,33273,43825,9735,26248,36100,22590,10769,20790,2775,7247,8136,60179,12886,34285,OVRFLW
47:30:06,12993,27254,33206,44072,9772,26177,36169,22613,10739,21265,2783,7247,8067,59687,12945,34097,OVRFLW
47:40:06,13007,27357,33161,43922,9765,26288,36151,22674,10768,21233,2786,7309,8096,59839,12878,34218,OVRFLW
47:50:06,13039,27450,33099,43755,9779,26100,36071,22515,10800,21205,2798,7321,8066,60178,12846,34321,OVRFLW
48:00:06,13034,27471,33057,43496,9803,26067,35876,22555,10736,21006,2778,7362,8030,59430,12934,34238,OVRFLW
48:10:06,13067,27305,33207,43463,9795,26263,35815,22548,10728,21256,2806,7250,8051,59463,12917,34312,OVRFLW
48:20:06,13094,27182,32912,43598,9781,26164,35766,22493,10657,21241,2775,7276,8013,59049,12948,34253,OVRFLW
48:30:06,13099,27192,33082,43457,9805,26256,35549,22509,10614,21123,2773,7286,8013,59098,12916,34121,OVRFLW
48:40:06,13148,27270,32859,43530,9809,26176,35350,22600,10740,21366,2787,7229,8020,59316,12951,34225,OVRFLW
48:50:06,13141,27207,33098,43550,9767,26048,35337,22602,10752,21096,2795,7302,8055,59196,12891,34017,OVRFLW
49:00:06,13191,27474,33049,43605,9786,26022,35380,22552,10799,21248,2773,7309,7999,59126,12875,34104,OVRFLW
49:10:06,13244,27204,33097,43115,9790,26108,35465,22542,10785,21120,2803,7342,8035,58999,12892,34126,OVRFLW
49:20:06,13259,27254,32896,43720,9803,25918,35625,22529,10745,21279,2778,7362,7995,58907,12901,34126,OVRFLW
49:30:06,13257,27349,32853,43248,9812,26061,35593,22626,10706,21188,2780,7315,8054,58501,12961,34222,OVRFLW
49:40:06,13245,27345,33116,43347,9767,26026,35858,22546,10696,21069,2775,7287,8056,58341,12950,33862,OVRFLW
49:50:06,13318,27135,32794,43425,9822,26155,35754,22497,10752,21331,2768,7279,8047,58325,12862,33782,OVRFLW
50:00:06,13343,27019,32820,42930,9777,26083,35739,22438,10737,21296,2769,7352,7937,58444,12881,33789,OVRFLW
50:10:06,13339,27229,32902,43256,9834,25884,35702,22351,10783,21111,2779,7288,7932,58499,12877,33544,OVRFLW
50:20:06,13390,26977,32734,43178,9785,26006,35634,22478,10710,21286,2770,7355,7993,58199,12857,33632,OVRFLW
50:30:06,13397,27321,32823,42979,9837,26072,35559,22482,10814,21033,2763,7273,7965,58131,12844,33642,OVRFLW
50:40:06,13438,27156,32749,42833,9831,25917,35534,22483,10775,21210,2771,7381,8028,58225,12862,33761,OVRFLW
50:50:06,13451,27248,32890,42954,9855,25995,35378,22510,10791,21217,2775,7317,7979,58417,12882,33634,OVRFLW
51:00:06,13495,27128,32622,42881,9814,25995,35234,22510,10788,21357,2782,7340,7888,57868,12891,33676,OVRFLW
51:10:06,13562,27122,32744,42641,9827,25804,35142,22520,10826,21169,2764,7274,7988,58256,12840,33561,OVRFLW
51:20:06,13604,27238,32606,42763,9869,25999,35214,22508,10746,21391,2790,7372,7985,58315,12960,33605,OVRFLW
51:30:06,13643,27094,32754,42562,9900,25967,35318,22505,10747,21311,2781,7342,8033,58140,12897,33360,OVRFLW
51:40:06,13638,27041,32490,42518,9868,26094,35461,22596,10831,21348,2779,7306,7971,58571,12954,33439,OVRFLW
51:50:06,13636,27167,32642,42525,9895,26014,35523,22486,10824,21467,2787,7352,7941,58276,12824,33332,OVRFLW
52:00:06,13724,27100,32676,42316,9887,26033,35671,22512,10777,21234,2777,7342,7982,58262,12896,33543,OVRFLW
52:10:06,13764,27054,32511,42398,9874,26049,35711,22527,10883,21207,2758,7337,7951,57769,12952,33587,OVRFLW
52:20:06,13809,27094,32641,42306,9900,25797,35503,22573,10834,21424,2775,7408,7968,57684,12852,33493,OVRFLW
52:30:06,13832,27219,32328,42077,9854,25995,35399,22616,10852,21404,2775,7366,7968,57909,12876,33464,OVRFLW
52:40:06,13875,27109,32571,41870,9895,25916,35448,22602,10824,21234,2795,7385,7969,57849,12914,33682,OVRFLW
52:50:06,13953,27170,32322,42028,9904,26263,35509,22539,10902,21620,2794,7337,7965,57784,12895,33659,OVRFLW
53:00:06,13991,27268,32506,42165,9902,26229,35588,22547,10858,21557,2768,7364,8006,57368,12925,33799,OVRFLW
53:10:06,13971,27340,32389,42122,9930,26027,35590,22627,10916,21381,2780,7379,7985,57712,12937,33744,OVRFLW
53:20:06,14058,27124,32597,41982,9986,25860,35621,22685,10917,21425,2792,7433,7969,57849,12887,33889,OVRFLW
53:30:06,14072,27283,32431,41954,9981,26097,35636,22650,10965,21264,2793,7310,8005,58014,12879,34085,OVRFLW
53:40:06,14144,27325,32538,42100,10001,26085,35696,22721,10989,21592,2802,7497,7992,57725,12971,33851,OVRFLW
53:50:06,14240,27183,32426,41970,9981,26050,35525,22729,10924,21431,2811,7437,8013,57604,12941,34207,OVRFLW
54:00:06,14267,27107,32355,41660,9960,26114,35412,22637,10975,21704,2814,7439,8103,58012,12874,34302,OVRFLW
54:10:06,14308,27507,32498,41516,9977,26295,35331,22793,10873,21625,2798,7431,8082,57801,12970,34291,OVRFLW
54:20:06,14362,27356,32432,41538,9997,26185,35268,22748,10968,21558,2812,7377,8036,57650,12979,34273,OVRFLW
54:30:06,14438,27334,32508,41948,9984,26066,35375,22676,10942,21424,2798,7434,8075,57524,12978,34456,OVRFLW
54:40:06,14482,27166,32336,41575,10029,25926,35483,22816,10967,21539,2807,7421,7995,57736,12896,34529,OVRFLW
54:50:06,14514,27265,32257,41741,10094,26002,35677,22695,11001,21517,2805,7460,8055,57373,13006,34245,OVRFLW
55:00:06,14622,27221,32495,41432,10059,26158,35750,22854,10982,21484,2807,7510,8064,57205,12920,34689,OVRFLW
55:10:06,14648,27250,32415,41254,10057,26214,35701,22834,10991,21661,2813,7505,8059,57533,12988,34699,OVRFLW
55:20:06,14709,27258,32302,40982,10014,26107,35729,22791,10906,21770,2801,7547,8119,57117,12945,34512,OVRFLW
55:30:06,14795,27277,32329,41211,10053,26090,35745,22789,11036,21502,2796,7495,8104,57181,12923,34665,OVRFLW
55:40:06,14863,27383,32357,41162,10027,26021,35677,22787,11014,21826,2792,7427,8057,57077,12991,34618,OVRFLW
55:50:06,14938,27088,32537,41118,10050,25994,35667,22854,11083,21545,2806,7469,8038,56902,12945,34644,OVRFLW
56:00:06,15025,27029,32416,41259,10006,26141,35529,22783,10965,21642,2798,7469,8065,57181,13011,34744,OVRFLW
56:10:06,15190,26899,32403,40818,10056,26060,35448,22895,11016,21695,2816,7416,8081,57035,12946,34603,OVRFLW
56:20:06,15328,27118,32323,40958,10077,25952,35537,22887,11031,21977,2805,7525,8056,56908,12961,34644,OVRFLW
56:30:06,15529,27137,32376,40671,10071,26162,35560,22876,11159,21848,2813,7510,8015,56981,12952,34705,OVRFLW
56:40:06,15811,26889,32292,40576,10104,26291,35609,22910,11017,21935,2810,7468,8109,56795,12966,34814,OVRFLW
56:50:06,16211,27107,32496,40635,10110,26281,35485,22957,11094,21854,2812,7441,8080,56813,12904,34765,OVRFLW
57:00:06,16808,26864,32266,40763,10081,26227,35619,22969,11020,21826,2823,7512,8056,57194,12933,34873,OVRFLW
57:10:06,17625,27046,32356,40550,10116,26163,35643,22905,11089,21942,2805,7457,8052,56666,12922,34763,OVRFLW
57:20:06,18680,26961,32272,40512,10055,26169,35565,22902,11122,21803,2800,7457,8055,56846,12963,34828,OVRFLW
57:30:06,19852,26975,32106,40423,10064,26237,35537,22958,11062,21715,2823,7507,8077,56939,12982,34883,OVRFLW
57:40:06,20607,26874,32212,40236,10073,26058,35573,22872,11016,21938,2814,7506,8024,56631,12975,34799,OVRFLW
57:50:06,21063,26790,32336,40163,10131,26220,35602,22934,11120,22400,2807,7482,8072,57016,12988,34823,OVRFLW
58:00:06,21304,26756,32055,40005,10140,26194,35453,22951,11095,21865,2811,7452,8018,56594,12982,34839,OVRFLW
58:10:06,21441,26893,32177,40291,10162,26234,35422,23086,11085,21803,2815,7541,8060,56566,12898,34865,OVRFLW
58:20:06,21515,26588,32217,40300,10154,26185,35486,23007,11042,21820,2812,7490,8096,56601,13049,34724,OVRFLW
58:30:06,21588,26451,32177,40118,10118,26173,35550,22957,11098,22056,2831,7465,8053,56600,12975,34830,OVRFLW
58:40:06,21703,26362,32045,40291,10163,26087,35440,22866,11107,21902,2835,7454,8023,56558,12997,34731,OVRFLW
58:50:06,21672,26219,32006,40161,10186,26183,35476,22906,11215,21925,2848,7507,8004,56781,12937,34759,OVRFLW
59:00:06,21725,26439,32030,40247,10207,26170,35526,22919,11133,22051,2822,7481,8026,56549,12916,34798,OVRFLW
59:10:06,21702,26281,32032,40206,10172,26087,35438,23005,11158,21977,2835,7558,8014,56083,12958,34567,OVRFLW
59:20:06,21730,26384,31932,39411,10207,26016,35324,23072,11114,21793,2822,7525,8017,56265,13006,34601,OVRFLW
59:30:06,21752,26470,31822,39518,10180,25975,35403,22984,11122,21947,2848,7496,7980,56307,13003,34650,OVRFLW
59:40:06,21825,26426,31781,39688,10231,26068,35323,23089,11134,22083,2834,7531,7991,56346,13034,34672,OVRFLW
59:50:06,21842,26577,31692,39516,10191,26259,35290,23066,11193,21969,2830,7498,8030,56078,12919,34650,OVRFLW
60:00:06,21848,26797,31450,39490,10217,26097,35195,23096,11198,22140,2821,7512,8034,55945,12997,34572,OVRFLW
60:10:06,21849,26792,31740,39626,10226,26177,35200,23162,11167,22237,2821,7421,7994,56050,12930,34683,OVRFLW
60:20:06,21867,26729,31650,39567,10228,26245,35276,23114,11165,21968,2808,7533,8071,56236,12982,34520,OVRFLW
60:30:06,21894,26455,31560,39189,10246,26186,35226,23262,11147,22248,2818,7453,8025,56454,12917,34601,OVRFLW
60:40:06,21886,26744,31516,39138,10223,26202,35162,23242,11281,22094,2843,7482,8020,55821,12954,34444,OVRFLW
60:50:06,21944,26758,31602,39389,10279,26130,35102,23237,11219,21891,2832,7493,7994,55730,12925,34499,OVRFLW
61:00:06,21958,26733,31452,39460,10286,26100,35182,23215,11190,21939,2831,7468,8078,55955,12961,34514,OVRFLW
61:10:06,21982,26903,31533,39502,10290,26166,34958,23256,11274,22043,2851,7511,8021,55905,12975,34344,OVRFLW
61:20:06,21967,26759,31436,39154,10236,26224,34935,23361,11199,21836,2823,7520,8024,55892,12913,34414,OVRFLW
61:30:06,21996,26820,31193,39013,10323,26279,34821,23242,11269,22116,2821,7520,8025,55530,13026,34406,OVRFLW
61:40:06,22091,26542,31434,38961,10321,26167,34902,23201,11201,22118,2839,7457,8007,55573,12994,34329,OVRFLW
61:50:06,22053,26596,31187,39363,10327,26283,34943,23210,11212,22307,2855,7473,8063,55570,12996,34401,OVRFLW
62:00:06,22024,26741,31265,39094,10302,26300,34936,23287,11172,22145,2840,7479,8046,55678,12913,34500,OVRFLW
62:10:06,22037,26735,31401,38878,10330,26275,34985,23276,11299,22273,2838,7527,8022,55676,12974,34338,OVRFLW
62:20:06,22043,26553,31283,38832,10302,26240,35124,23181,11279,22187,2838,7433,8073,55702,12954,34453,OVRFLW
62:30:06,22067,26601,31189,38772,10341,26400,35127,23162,11352,22134,2843,7480,8097,55694,13000,34360,OVRFLW
62:40:06,22119,26568,31154,38613,10358,26219,35201,23113,11231,22274,2842,7584,8014,55830,12932,34350,OVRFLW
62:50:06,22057,26523,31084,38769,10360,26319,35258,23255,11316,22391,2828,7438,8087,55565,12938,34414,OVRFLW
63:00:06,22159,26441,31086,38489,10394,26340,35344,23285,11281,22172,2835,7573,8041,55562,12952,34548,OVRFLW
63:10:06,22147,26658,31107,38712,10391,26314,35061,23182,11285,21918,2833,7496,8102,55810,12915,34478,OVRFLW
63:20:06,22212,26529,30892,38620,10396,26302,35165,23172,11201,22248,2834,7467,8051,55834,12918,34822,OVRFLW
63:30:06,22207,26526,30982,38502,10379,26166,35117,23028,11304,22334,2847,7527,8132,55411,12956,34738,OVRFLW
63:40:06,22169,26464,30841,38367,10460,26364,35193,23010,11325,22111,2858,7477,8089,55348,12942,34548,OVRFLW
63:50:06,22214,26448,30815,38246,10417,26317,35356,23168,11343,22351,2854,7496,8101,55176,12954,34461,OVRFLW
64:00:06,22202,26457,30692,38440,10433,26287,35360,23103,11256,22349,2844,7447,8066,55439,12971,34634,OVRFLW
64:10:06,22209,26222,30684,38376,10409,26194,35096,23163,11329,22283,2845,7546,8129,55433,12989,34566,OVRFLW
64:20:06,22215,26385,30606,38100,10438,26254,34991,23103,11350,22237,2859,7509,8110,55283,12891,34695,OVRFLW
64:30:06,22211,26309,30546,38288,10495,26411,34964,23106,11325,22316,2852,7502,8102,55366,12929,34855,OVRFLW
64:40:06,22258,26368,30301,37923,10464,26277,34937,23160,11332,22359,2844,7463,8082,55188,12908,34844,OVRFLW
64:50:06,22247,26292,30470,38142,10453,26220,34925,23162,11319,22360,2850,7506,8037,54999,12936,34794,OVRFLW
65:00:06,22228,26301,30400,37630,10436,26274,34942,23229,11273,22418,2853,7511,8093,55114,12940,35155,OVRFLW
65:10:06,22254,26241,30134,37683,10421,26254,34981,23130,11388,22039,2852,7562,8113,55189,12931,35042,OVRFLW
65:20:06,22234,26138,30046,37920,10454,26292,35113,23271,11365,22440,2852,7523,8113,55449,12907,35124,OVRFLW
65:30:06,22257,26107,29865,37093,10489,26193,35101,23012,11340,22504,2860,7483,8168,54801,12996,35065,OVRFLW
65:40:06,22258,26155,29914,37281,10447,26076,35030,23136,11342,22620,2854,7544,8070,55082,13015,35207,OVRFLW
65:50:06,22228,26164,29823,37804,10454,26162,35020,23153,11357,22567,2851,7499,8141,54735,12908,35002,OVRFLW
66:00:06,22149,26151,29486,37396,10461,26134,35014,22994,11338,22444,2820,7508,8071,55012,12879,35200,OVRFLW
66:10:06,22196,26006,29749,37486,10491,26122,34871,23056,11378,22527,2837,7460,8059,54895,12906,35378,OVRFLW
66:20:06,22230,26004,29624,37498,10451,26121,35034,23074,11357,22355,2802,7502,8098,55040,12876,35166,OVRFLW
66:30:06,22183,25864,29601,37596,10445,26072,34847,23094,11257,22291,2842,7517,7985,54596,12892,35396,OVRFLW
66:40:06,22226,25862,29300,37627,10456,25863,34886,23132,11376,22175,2820,7481,8021,54781,12909,35642,OVRFLW
66:50:06,22229,25695,29189,37244,10453,25969,34789,23158,11288,22469,2846,7398,8083,54720,12905,35782,OVRFLW
67:00:06,22206,25688,29044,37114,10451,25973,34689,23121,11358,22344,2819,7458,8035,54888,12833,35653,OVRFLW
67:10:06,22256,25790,28991,36508,10483,25897,34707,23089,11357,22406,2825,7529,8036,54235,12915,35689,OVRFLW
67:20:06,22221,25661,28956,36742,10485,25987,34727,23075,11241,22458,2815,7431,8038,54460,12862,35833,OVRFLW
67:30:06,22237,25606,28813,36651,10471,25898,34673,23053,11318,22254,2821,7495,8084,54781,12841,35958,OVRFLW
67:40:06,22223,25596,28593,36452,10484,25834,34682,23193,11323,22476,2795,7482,8078,54815,12768,35975,OVRFLW
67:50:06,22274,25513,28469,36675,10450,25708,34709,23160,11319,22327,2806,7502,8040,54798,12831,36054,OVRFLW
68:00:06,22253,25453,28421,36673,10520,25807,34717,23216,11354,22288,2798,7517,8093,54732,12795,36059,OVRFLW
68:10:06,22242,25336,28449,36305,10470,25692,34838,23252,11362,22285,2768,7467,7969,54540,12892,36192,OVRFLW
68:20:06,22268,25321,28235,36574,10493,25863,34785,23178,11417,22315,2783,7484,8019,54163,12870,36284,OVRFLW
68:30:06,22329,25226,28381,36392,10541,25810,34716,23121,11318,22380,2787,7514,8090,54557,12812,36398,OVRFLW
68:40:06,22360,25169,28246,36014,10467,25672,34678,23147,11399,22088,2808,7540,8061,54428,12787,36596,OVRFLW
68:50:06,22434,25114,28042,36395,10550,25746,34779,23171,11394,22257,2814,7491,8071,54515,12908,36576,OVRFLW
69:00:06,22485,24980,28144,35927,10536,25657,34727,23171,11383,22198,2817,7472,7994,54181,12910,36786,OVRFLW
69:10:06,22558,25063,27936,35900,10530,25746,34680,23094,11371,22219,2808,7413,8037,54358,12858,36868,OVRFLW
69:20:06,22581,24975,27937,35474,10526,25716,34688,23215,11362,22215,2814,7518,8058,54290,12844,36845,OVRFLW
69:30:06,22598,24805,28066,35817,10522,25765,34762,23202,11392,22259,2821,7436,8040,54169,12871,37129,OVRFLW
69:40:06,22594,24651,27900,35749,10541,25766,34663,23182,11308,22301,2830,7476,7989,54035,12819,37172,OVRFLW
69:50:06,22660,24577,27906,35843,10520,25731,34735,23111,11381,22244,2841,7494,8039,54097,12843,37312,OVRFLW
70:00:06,22695,24670,27737,35368,10536,25615,34784,23220,11415,22443,2833,7552,8052,53927,12886,37604,OVRFLW
70:10:06,22688,24526,27772,35306,10563,25623,34747,23182,11438,22268,2844,7450,8033,54205,12898,37545,OVRFLW
70:20:06,22715,24449,27661,35169,10527,25660,34782,23078,11376,21839,2821,7502,8025,53754,12880,37710,OVRFLW
70:30:06,22752,24426,27699,35176,10571,25558,34741,23134,11437,22123,2820,7412,8005,53638,12911,37923,OVRFLW
70:40:06,22748,24302,27624,35591,10563,25683,34749,23160,11446,22375,2831,7483,7984,54019,12880,37779,OVRFLW
70:50:06,22784,24175,27621,35207,10480,25578,34638,23116,11332,22182,2838,7477,8010,53717,12900,38536,OVRFLW
71:00:06,22858,24358,27600,34982,10607,25654,34719,23051,11376,22210,2820,7509,8012,53724,12855,38572,OVRFLW
71:10:06,22910,24189,27618,34896,10562,25689,34734,23048,11456,22130,2818,7456,7958,53421,12849,38838,OVRFLW
71:20:06,22906,24161,27606,34620,10574,25602,34755,23108,11458,22403,2830,7496,7974,53707,12854,38857,OVRFLW
71:30:06,22900,24134,27381,34803,10519,25717,34727,23106,11446,22129,2835,7401,7934,54050,12774,39138,OVRFLW
71:40:06,22923,24197,27468,34668,10567,25553,34796,23089,11368,22408,2833,7484,7987,53609,12846,39311,OVRFLW
71:50:06,22948,24098,27504,34560,10515,25628,34864,23005,11476,22262,2831,7449,7950,53802,12856,39607,OVRFLW
72:00:06,22920,23890,27378,34830,10563,25649,34784,23050,11377,22039,2832,7452,7898,53400,12825,39870,OVRFLW
72:10:06,22949,23873,27349,34540,10537,25568,34806,23007,11467,22353,2826,7456,7922,53239,12779,40080,OVRFLW
72:20:06,23027,23694,27237,34688,10507,25586,34827,23013,11336,22191,2821,7457,7939,53612,12799,40287,OVRFLW
72:30:06,23098,23746,27164,34545,10558,25516,34786,22979,11381,22243,2819,7446,7959,53653,12770,40508,OVRFLW
72:40:06,23059,23574,27170,34136,10558,25558,34854,22936,11414,21958,2826,7400,7855,53661,12756,40687,OVRFLW
72:50:06,23112,23750,27288,34702,10569,25509,34892,22887,11441,22216,2823,7441,7914,53014,12810,40845,OVRFLW
73:00:06,23138,23642,27097,35148,10568,25606,34809,22961,11368,22140,2813,7448,7915,53073,12716,41060,OVRFLW
73:10:06,23141,23571,27270,34680,10587,25453,34775,22779,11424,22217,2815,7407,7960,53129,12756,41380,OVRFLW
73:20:06,23176,23557,27097,34562,10527,25661,34771,22904,11402,22460,2819,7463,7876,53223,12707,41494,OVRFLW
73:30:06,23174,23343,27186,34450,10573,25524,34902,22978,11529,22334,2827,7399,7912,52820,12774,41794,OVRFLW
73:40:06,23179,23595,26936,34678,10531,25498,34918,22861,11441,22299,2837,7443,7919,53210,12802,41924,OVRFLW
73:50:06,23208,23447,27027,35128,10532,25502,34844,22942,11425,22123,2837,7391,7953,53148,12763,42027,OVRFLW
74:00:06,23255,23267,26811,34964,10609,25595,34780,22738,11477,22297,2826,7413,7921,52397,12803,42260,OVRFLW
74:10:06,23276,23349,27034,35167,10562,25542,34816,22753,11489,22111,2839,7488,7970,52704,12820,42342,OVRFLW
