Time,A1,A2,A3,A4,A5,A6,A7,A8,A9,A10,A11,A12,B1,B2,B3,B4,B5,B6,B7,B8,B9,B10,B11,B12,C1,C2,C3,C4,C5,C6,C7,C8,C9,C10,C11,C12
0:00:04,3170,3133,3180,3308,3245,3863,4063,4246,4368,4377,4440,4670,5594,5149,5297,6011,6012,6342,6676,6915,7180,7966,8509,8862,10385,2892,2889,2956,2992,3027,3209,3286,3547,4116,4926,3131
0:10:04,3013,3043,3076,3119,3175,4077,4410,4644,4892,5069,4949,5649,6254,6541,6766,8586,8058,9104,9908,10410,9267,11705,13569,15695,18621,2686,2685,2677,2696,2724,2942,3025,3275,3919,4452,2889
0:20:04,3152,3234,3315,3424,3395,4845,5514,6148,6577,7258,6411,7837,9201,9708,10360,13927,11673,14352,16207,17467,10737,15523,20316,25762,30920,2756,2657,2620,2667,3195,3127,2973,3305,3771,4735,2935
0:30:03,3357,3470,3611,3646,3684,5835,6936,7826,8691,9522,7609,10340,12420,13407,14401,19453,14771,19214,22673,25217,11371,16511,23035,30084,37484,2729,2733,2619,2805,2807,3021,3243,3634,3833,4732,2886
0:40:04,3557,3706,3902,3801,3914,6603,8115,9435,10681,11903,8285,12255,15237,16838,18379,24108,15971,22329,27371,31175,11491,16954,23934,31437,39788,2705,2754,2714,2778,2754,3012,3257,3691,3826,4794,2931
0:50:04,3678,3884,4160,3964,4130,7209,9296,10978,12574,14175,8644,13674,17601,19978,22086,27559,16464,23901,30164,35483,11601,17142,24350,32133,41130,2699,2742,2707,2760,2768,3002,3271,3762,3825,4817,2942
1:00:03,3824,4052,4359,4107,4328,7653,10362,12400,14380,16324,8824,14596,19573,22764,25390,29905,16712,24736,31954,38269,11708,17224,24545,32453,41727,2718,2727,2711,2750,2754,2989,3283,3663,3823,4944,2909
1:10:04,3950,4208,4572,4258,4510,8000,11356,13729,16018,18319,8975,15195,21142,25220,28479,31307,16843,25157,32812,40076,11770,17306,24737,32800,42236,2705,2715,2845,2769,2743,2994,3312,3547,3825,4959,2900
1:20:04,4074,4344,4783,4421,4670,8255,12204,15096,17492,20089,9042,15531,22347,27208,31195,32164,16937,25428,33396,41153,11807,17347,24841,32989,42543,2707,2734,2835,2767,2738,2994,3303,3441,3844,4973,2899
1:30:04,4208,4500,4958,4534,4860,8396,13033,16159,18882,21847,9070,15727,23196,29011,33380,32884,17063,25679,33794,41793,11838,17444,24936,33199,42772,2714,2736,2807,2741,2739,2987,3345,3389,3865,5004,2900
1:40:04,4304,4661,5140,4682,5018,8539,13727,17159,20208,23436,9077,15857,23770,30220,35198,33350,17077,25877,34160,42196,11907,17464,25012,33271,42976,2695,2716,2787,2746,2736,2989,3372,3364,3854,4991,2896
1:50:04,4431,4800,5332,4798,5169,8624,14303,18148,21499,24907,9126,15988,24157,31219,36730,33536,17124,25954,34374,42466,11990,17509,25143,33370,43105,2702,2710,2777,2741,2750,2976,3375,3353,3863,5024,2889
2:00:04,4584,4918,5492,4909,5324,8679,14840,19041,22617,26339,9158,16002,24407,32054,37890,33698,17141,26180,34491,42711,12125,17554,25206,33469,43335,2712,2714,2778,2732,2732,2989,3384,3336,3858,5013,2879
2:10:04,4686,5070,5654,5025,5437,8687,15181,19853,23681,27606,9147,16088,24636,32731,38916,33976,17167,26300,34704,42905,12212,17631,25199,33501,43405,2708,2727,2770,2744,2739,2978,3379,3334,3883,5013,2897
2:20:04,4765,5189,5809,5160,5584,8770,15529,20506,24544,28797,9188,16130,24804,33276,39755,34039,17146,26308,34724,43035,12279,17616,25322,33614,43401,2718,2719,2753,2742,2738,2972,3356,3332,3858,5040,2886
2:30:04,4884,5288,5935,5231,5698,8759,15791,21124,25484,29944,9242,16201,24969,33696,40374,34195,17190,26408,34884,43250,12388,17758,25292,33680,43467,2705,2718,2751,2724,2735,2990,3337,3309,3870,5031,2891
2:40:04,4991,5410,6098,5325,5832,8770,16000,21638,26302,31071,9294,16272,25126,33967,40814,34298,17151,26403,34974,43320,12360,17832,25291,33649,43631,2702,2710,2747,2727,2730,2985,3301,3311,3867,5046,2875
2:50:04,5084,5549,6202,5449,5944,8797,16178,22172,27041,32194,9337,16263,25217,34158,41191,34355,17201,26489,35051,43393,12486,17930,25282,33664,43716,2690,2708,2743,2725,2735,2987,3281,3307,3871,5042,2877
3:00:04,5158,5622,6345,5536,6049,8804,16291,22613,27735,33051,9383,16311,25495,34406,41493,34452,17378,26608,35121,43445,12485,17844,25279,33765,43656,2678,2701,2741,2728,2739,2999,3224,3294,3893,5055,2861
3:10:04,5255,5753,6466,5637,6157,8833,16397,22928,28417,33942,9398,16353,25629,34589,41698,34470,17393,26684,35204,43612,12480,17942,25514,33758,43823,2685,2695,2742,2712,2721,3007,3223,3289,3884,5065,2886
3:20:04,5329,5873,6585,5721,6306,8851,16523,23273,29024,34823,9471,16439,25591,34724,41914,34586,17302,26567,35315,43672,12601,18151,25487,33895,43819,2696,2695,2730,2714,2711,3004,3193,3303,3908,5070,2872
3:30:04,5427,5964,6723,5807,6348,8863,16599,23572,29535,35649,9417,16465,25463,34825,42230,34675,17456,26592,35336,43757,12540,18037,25550,33885,43877,2679,2692,2708,2716,2717,2979,3148,3309,3889,5079,2854
3:40:04,5503,6049,6854,5933,6489,8922,16658,23884,30069,36433,9486,16523,25624,34952,42288,34706,17319,26656,35415,43871,12649,18247,25568,33655,43932,2686,2701,2731,2707,2718,3009,3163,3298,3888,5064,2866
3:50:03,5600,6137,6980,6001,6574,8958,16741,24068,30502,37037,9467,16541,25807,35060,42466,34802,17340,26648,35496,43869,12659,18147,25492,33754,44065,2688,2713,2733,2707,2710,3006,3181,3292,3892,5080,2865
4:00:04,5655,6256,7072,6110,6694,8964,16778,24347,30923,37665,9536,16577,25945,35161,42582,34774,17417,26642,35611,43973,12656,18133,25656,34132,44057,2679,2707,2706,2703,2726,3000,3151,3285,3897,5110,2859
4:10:04,5743,6332,7190,6191,6806,8969,16873,24514,31338,38176,9556,16636,25611,35235,42746,34860,17530,26793,35655,44036,12648,18187,25678,34284,44119,2692,2706,2713,2723,2715,3010,3124,3290,3880,5096,2861
4:20:04,5788,6434,7324,6265,6915,9034,16945,24667,31687,38671,9563,16603,25412,35270,42757,34899,17572,26803,35704,44071,12739,18321,25758,33935,44092,2683,2700,2711,2712,2708,3026,3138,3291,3895,5092,2856
4:30:04,5869,6507,7398,6345,6994,9009,16966,24811,31945,39077,9538,16676,25403,35342,42926,34976,17438,26709,35769,44130,12765,18157,25719,34148,44166,2678,2693,2715,2729,2714,3022,3102,3289,3897,5093,2860
4:40:03,5947,6593,7489,6457,7145,9059,17038,24928,32180,39334,9579,16684,25640,35382,42952,35008,17467,26892,35722,44075,12794,18222,25738,33864,44200,2682,2701,2709,2716,2706,3042,3094,3299,3885,5111,2849
4:50:04,6022,6705,7641,6562,7258,9083,17114,25014,32385,39681,9615,16730,25903,35515,43085,35073,17486,26935,35830,44285,12733,18236,25731,33825,44291,2716,2727,2731,2734,2742,3052,3125,3294,3922,5107,2867
5:00:04,6072,6738,7769,6609,7337,9113,17110,25142,32494,40126,9597,16759,26120,35543,43170,35063,17368,26928,35812,44254,12736,18227,25721,34162,44209,2676,2695,2712,2717,2719,3054,3079,3264,3889,5113,2856
5:10:04,6117,6837,7855,6873,7436,9089,17165,25210,32673,40387,9598,16699,26152,35552,43228,35066,17585,26929,35895,44305,12733,18268,25777,34352,44270,2688,2680,2703,2702,2705,3042,3075,3272,3896,5100,2860
5:20:04,6166,6881,7961,7149,7539,9093,17183,25247,32927,40644,9591,16732,26185,35572,43209,35083,17566,26933,35778,44353,12797,18263,25859,33920,44206,2695,2704,2693,2704,2698,3061,3060,3275,4006,5120,2862
5:30:04,6215,6968,8074,7225,7647,9080,17191,25311,33000,41005,9592,16746,26425,35642,43227,35058,17588,26910,35753,44376,12725,18286,25740,33967,44237,2697,2692,2714,2702,2729,3052,3063,3260,3986,5101,2857
5:40:04,6245,7044,8184,7197,7700,9141,17215,25359,33123,41176,9567,16714,26519,35636,43323,35152,17587,26825,35788,44347,12753,18292,25831,34354,44248,2702,2683,2706,2701,2724,3054,3050,3266,3986,5089,2835
5:50:04,6300,7122,8297,7316,7809,9116,17239,25379,33178,41291,9621,16755,26301,35759,43355,35167,17495,26854,35722,44389,12746,18298,25877,34479,44328,2694,2699,2697,2698,2728,3056,3032,3277,3965,5090,2858
6:00:04,6356,7228,8388,7371,7909,9108,17313,25444,33261,41474,9600,16808,25996,35727,43421,35267,17468,26848,35757,44402,12792,18313,25811,33956,44305,2685,2683,2684,2698,2727,3040,3013,3259,3992,5105,2871
6:10:04,6407,7282,8512,7466,8018,9092,17355,25511,33277,41589,9600,16806,25559,35772,43461,35216,17731,26957,35730,44404,12804,18431,25753,34048,44340,2676,2691,2693,2694,2725,3041,3008,3260,3976,5113,2861
6:20:03,6451,7355,8632,7570,8095,9178,17387,25575,33278,41895,9646,16805,25322,35846,43570,35316,17742,26974,35764,44468,12827,18375,25954,34345,44332,2689,2691,2699,2692,2719,3038,3010,3257,3982,5092,2861
6:30:04,6520,7437,8726,7656,8239,9129,17408,25615,33375,42036,9649,16852,25221,35861,43565,35337,17629,27003,35838,44499,12811,18280,25998,34203,44326,2678,2670,2687,2714,2724,3043,3008,3290,3990,5075,2850
6:40:04,6580,7522,8841,7780,8322,9150,17441,25681,33431,42152,9650,16863,25253,35918,43610,35349,17566,26939,35863,44533,12812,18373,26041,34191,44355,2693,2685,2687,2710,2729,3064,3016,3264,3996,5094,2842
6:50:04,6623,7630,8957,7869,8422,9156,17482,25753,33404,42181,9673,16939,25662,35929,43726,35417,17600,26934,35861,44607,12857,18245,25934,34415,44430,2691,2685,2676,2691,2702,3038,2998,3255,3988,5105,2860
7:00:04,6662,7685,9102,7950,8541,9161,17500,25755,33618,42264,9668,16988,26167,35977,43738,35431,17712,27061,35874,44654,12805,18366,25945,34384,44393,2698,2678,2689,2693,2723,3035,3006,3259,3989,5093,2854
7:10:03,6716,7770,9227,8034,8664,9182,17553,25797,33736,42283,9706,16956,26463,36017,43711,35493,17779,27064,35974,44718,12864,18408,26050,34342,44475,2690,2687,2709,2733,2730,3072,2986,3261,3984,5120,2829
7:20:04,6752,7857,9341,8136,8794,9211,17544,25854,33726,42446,9700,16972,26563,36016,43720,35482,17737,26871,35997,44824,12807,18479,26309,34471,44516,2687,2684,2689,2723,2740,3043,3005,3278,3987,5103,2863
7:30:04,6775,7942,9443,8221,8873,9222,17595,25845,33781,42629,9747,16963,26604,36112,43822,35491,17841,26780,36030,44784,12813,18543,26184,34373,44533,2683,2672,2706,2725,2728,3063,2998,3253,4002,5126,2848
7:40:04,6812,7994,9588,8319,9001,9197,17607,25954,34113,42850,9672,16977,26693,36092,43798,35588,17963,27233,36047,44854,12882,18456,25931,34457,44515,2679,2668,2677,2732,2725,3072,2982,3266,3990,5129,2839
7:50:03,6877,8073,9720,8447,9110,9229,17599,25937,34333,42994,9720,17110,26904,36165,43908,35624,17700,27619,36078,44845,12861,18488,25875,34625,44650,2697,2682,2681,2725,2724,3062,2992,3263,3991,5125,2854
8:00:04,6919,8213,9806,8539,9212,9238,17627,25952,34543,43039,9757,16914,26937,36118,43908,35613,17826,27463,36221,44920,12815,18511,25727,34795,44578,2676,2698,2688,2736,2732,3095,2983,3245,3991,5133,2852
8:10:04,6938,8261,9963,8630,9304,9233,17678,25942,34547,43007,9737,16989,26640,36179,43900,35715,17830,26611,36172,44910,12817,18399,25932,34724,44542,2706,2690,2705,2738,2712,3100,2973,3254,3992,5137,2869
8:20:04,7029,8358,10059,8720,9450,9254,17698,25956,34394,42947,9784,17132,26120,36146,43916,35672,17717,26489,36181,44980,13026,18544,25910,34647,44669,2686,2688,2690,2722,2743,3076,2963,3250,3990,5125,2819
8:30:04,7050,8411,10216,8840,9545,9252,17679,26059,34118,42885,9770,17127,25651,36195,43947,35666,17720,26929,36201,44931,12931,18554,25802,34667,44647,2682,2691,2699,2727,2707,3070,2987,3238,4005,5129,2853
8:40:03,7088,8510,10314,8951,9674,9258,17741,26057,34133,42797,9733,17180,25513,36168,44029,35654,18046,27618,36283,44943,12899,18454,25842,34546,44640,2679,2695,2694,2734,2723,3078,2963,3238,3987,5110,2829
8:50:04,7112,8605,10474,9018,9776,9253,17695,26041,34113,42819,9819,17121,25433,36140,44016,35739,17920,27545,36248,45028,12854,18721,25980,34816,44674,2684,2673,2688,2725,2735,3089,2949,3251,3991,5131,2834
9:00:04,7176,8690,10543,9136,9909,9246,17660,26069,34218,42937,9763,17063,25545,36188,44034,35787,17824,27105,36288,45012,12954,18542,25936,34775,44647,2696,2681,2690,2727,2720,3069,2965,3234,3984,5099,2836
9:10:04,7194,8788,10705,9278,10049,9249,17765,26167,34537,43003,9744,16990,25903,36154,44003,35725,17953,27071,36294,45040,12922,18556,26059,34610,44720,2685,2698,2692,2724,2742,3072,2957,3244,4005,5111,2842
9:20:04,7246,8857,10850,9373,10160,9250,17797,26112,34548,43139,9806,16957,26388,36208,44021,35773,17797,27238,36331,44903,12933,18482,25875,34626,44691,2678,2681,2681,2726,2718,3062,2961,3218,4004,5108,2833
9:30:04,7328,8927,10988,9502,10730,9272,17805,26100,34471,43202,9758,16959,26764,36262,44023,35783,17690,27223,36348,45073,12918,18473,26065,34637,44683,2671,2683,2685,2731,2723,3062,2980,3229,3986,5110,2831
9:40:04,7332,9041,11148,9570,10950,9254,17807,26165,34518,43197,9778,16900,26896,36290,44016,35763,17755,27348,36333,45085,12857,18545,26177,34667,44680,2691,2682,2688,2727,2726,3077,2953,3210,3978,5102,2834
9:50:04,7370,9103,11305,9733,11095,9257,17802,26222,34621,43281,9818,16887,26852,36247,44053,35766,17781,27445,36404,45026,12900,18451,25949,34378,44716,2683,2687,2682,2747,2749,3078,2932,3219,3966,5125,2829
10:00:04,7406,9207,11485,9902,11212,9309,17738,26260,34774,43255,9839,16780,26909,36281,44080,35805,17991,27303,36431,45088,12949,18536,25946,34329,44700,2683,2670,2689,2720,2733,3061,2931,3226,3992,5101,2829
10:10:04,7443,9273,11652,10075,11339,9313,17810,26219,34844,43228,9779,16868,27018,36317,44043,35788,17894,27242,36411,45107,12880,18534,25972,34897,44699,2660,2679,2692,2716,2739,3064,2942,3223,3981,5112,2839
10:20:04,7476,9356,11805,10239,11532,9306,17716,26131,34772,43200,9795,16864,26849,36262,43998,35781,17835,27288,36477,45056,12914,18601,26046,34880,44694,2685,2656,2676,2721,2747,3057,2940,3210,3971,5102,2835
10:30:04,7494,9471,12137,10390,11695,9279,17824,26042,34724,43195,9838,16905,26359,36237,43967,35752,17775,27269,36405,45061,12882,18444,26055,34843,44653,2666,2665,2664,2727,2740,3033,2914,3231,3958,5090,2829
10:40:04,7506,9538,12344,10564,11873,9246,17742,26116,34756,43176,9790,16873,25743,36305,43979,35729,17782,27204,36435,45077,12906,18515,25931,34671,44576,2675,2649,2671,2720,2761,3050,2912,3197,3936,5115,2819
10:50:04,7591,9645,12638,10799,12107,9310,17800,26205,34774,43288,9780,16903,25323,36231,43994,35704,17792,27285,36479,44992,12981,18509,25941,34867,44690,2676,2651,2657,2720,2760,3049,2906,3198,3962,5094,2795
11:00:04,7594,9744,12779,10973,12377,9313,17759,26171,34822,43237,9787,16925,25283,36364,43985,35774,17850,27465,36516,45071,12882,18490,26016,34831,44705,2673,2691,2671,2739,2778,3049,2916,3200,3943,5105,2829
11:10:04,7663,9846,13012,11185,12483,9312,17806,26204,34758,43261,9793,16904,25461,36405,44007,35755,17885,27328,36526,45127,12923,18607,25889,34624,44691,2677,2671,2676,2721,2783,3052,2928,3198,3982,5106,2818
11:20:04,7689,9952,13370,11487,12757,9296,17820,26414,34861,43303,9785,17066,25753,36448,44162,35854,17846,27201,36572,45189,12870,18583,26006,34813,44744,2671,2673,2673,2733,2789,3028,2908,3204,3963,5113,2833
11:30:04,7707,10030,13729,11641,13017,9326,17876,26416,34900,43273,9820,16977,26210,36537,44073,35837,17821,27376,36582,45138,12925,18491,26019,34738,44704,2690,2644,2675,2730,2816,3043,2900,3195,3961,5123,2815
11:40:04,7734,10155,14036,11880,13369,9350,17839,26371,34860,43191,9829,17008,26808,36498,44097,35887,17841,27476,36588,45187,12961,18561,25962,34591,44792,2680,2661,2666,2748,2826,3055,2920,3211,3949,5100,2827
11:50:04,7762,10242,14171,12096,13431,9323,17881,26332,34683,43281,9825,16989,27272,36550,44149,35859,17888,27463,36616,45221,12934,18555,26023,35030,44784,2694,2656,2680,2746,2832,3058,2901,3194,3927,5081,2830
12:00:04,7802,10425,14389,12555,13815,9320,17836,26223,34789,43482,9850,16959,27352,36517,44174,35917,17922,27494,36561,45239,12920,18646,26081,34932,44775,2679,2679,2669,2744,2859,3046,2926,3184,3959,5123,2822
12:10:03,7810,10515,14906,12839,14137,9330,17877,26183,34855,43506,9852,17108,27206,36558,44104,35945,17904,27688,36543,45240,12971,18381,26055,34919,44804,2676,2678,2670,2759,2873,3051,2883,3204,3962,5123,2819
12:20:04,7848,10646,15000,13023,14506,9352,17934,26199,35012,43702,9868,16978,27081,36654,44056,35923,17912,27398,36569,45245,13012,18662,26125,34944,44837,2674,2664,2675,2758,2885,3048,2897,3210,3975,5087,2824
12:30:04,7866,10795,15314,13460,14730,9319,17941,26311,35144,43809,9832,16946,27085,36656,44151,35933,17866,27540,36487,45345,13018,18673,26090,34828,44759,2671,2667,2677,2772,2917,3066,2897,3214,3950,5114,2824
12:40:04,7911,10943,15734,13692,15154,9330,17956,26532,35318,44014,9835,17083,26952,36668,44192,35994,18003,27563,36567,45308,13048,18508,26112,35032,44881,2680,2659,2667,2791,2957,3046,2889,3201,3955,5145,2824
12:50:04,7914,11113,16189,14000,15395,9345,17927,26618,35381,44095,9840,17054,26366,36723,44188,36010,17989,27495,36526,45322,12985,18600,26103,34996,44826,2692,2674,2661,2789,2991,3036,2912,3198,3938,5099,2824
13:00:04,7939,11335,16001,14669,15818,9375,17997,26565,35168,44237,9901,17013,25762,36726,44143,35988,17904,27408,36469,45328,12963,18606,26082,34699,44800,2691,2671,2659,2801,3001,3037,2902,3199,3905,5128,2826
13:10:04,7981,11550,16710,14774,16282,9381,18015,26523,34934,44247,9865,17029,25381,36734,44156,35966,17987,27424,36553,45329,12967,18698,26072,35067,44894,2666,2671,2668,2832,3056,3042,2885,3187,3903,5128,2814
13:20:04,8026,11806,17053,15407,16498,9383,17973,26387,34926,44349,9862,17072,25445,36791,44245,36028,17922,27562,36514,45373,12988,18587,26092,34894,44874,2677,2677,2675,2828,3091,3039,2875,3188,3902,5130,2821
13:30:04,8026,12168,17247,15652,17017,9325,18006,26478,35046,44392,9874,17068,25543,36828,44242,36005,17940,27542,36541,45449,12938,18512,26081,35153,44835,2683,2687,2670,2851,3147,3027,2892,3187,3888,5145,2831
13:40:03,8018,12586,17643,16332,17374,9379,18030,26517,35253,44393,9880,17101,25801,36770,44233,36050,18118,27574,36513,45387,13007,18655,26211,35142,44835,2680,2676,2677,2870,3206,3052,2889,3181,3908,5119,2821
13:50:04,8100,12998,18349,16478,17620,9400,18048,26544,35252,44442,9883,17120,26334,36862,44277,36075,18014,27642,36535,45448,13044,18597,26140,34863,44908,2676,2686,2675,2890,3292,3093,2874,3187,3882,5122,2842
14:00:04,8091,13425,18739,17250,18237,9342,18117,26633,35158,44406,9857,17098,26971,36771,44319,36103,18032,27513,36543,45482,13058,18611,26079,35167,44904,2668,2658,2675,2904,3350,3082,2891,3169,3893,5136,2812
14:10:04,8107,13720,19160,17309,18545,9362,18031,26511,34941,44383,9829,17141,27418,36916,44325,36047,17924,27698,36516,45477,13023,18679,26174,35053,44922,2692,2672,2686,2931,3464,3075,2881,3176,3884,5127,2827
14:20:04,8148,14304,19724,18037,19217,9370,18113,26619,34832,44182,9905,17089,27522,36891,44260,36129,17996,27538,36578,45532,13043,18758,26160,35074,44945,2660,2673,2672,2971,3540,3086,2886,3178,3885,5149,2824
14:30:04,8143,14839,19939,18473,19467,9419,18139,26584,34901,44201,9910,17133,27379,36909,44293,36108,17890,27521,36608,45482,12960,18645,26123,34969,44913,2681,2663,2697,3012,3666,3092,2888,3190,3893,5141,2817
14:40:04,8136,15327,20501,19083,20209,9402,18203,26649,35183,44184,9878,17137,27245,36932,44286,36122,18019,27647,36651,45496,13046,18599,26141,34964,44953,2678,2669,2686,3026,3836,3095,2868,3174,3891,5142,2819
14:50:04,8163,15703,20788,19245,20242,9365,18213,26561,35514,44112,9920,17171,27242,36891,44376,36154,17986,27630,36667,45577,12971,18721,26184,35069,44988,2673,2677,2677,3107,3981,3071,2883,3169,3905,5148,2828
15:00:04,8201,16454,21422,20262,20975,9406,18226,26630,35500,44116,9902,17171,26999,36890,44239,36097,18063,27538,36650,45528,13028,18645,26130,35258,44935,2670,2666,2700,3172,4173,3082,2873,3181,3905,5158,2817
15:10:03,8193,16926,21929,20652,21341,9356,18176,26765,35313,44086,9912,17159,26355,36973,44339,36154,18026,27661,36663,45641,13082,18650,26249,35316,45059,2672,2678,2690,3240,4384,3085,2872,3169,3892,5127,2828
15:20:04,8236,17500,22586,20859,22085,9410,18171,26706,35330,44092,9869,17082,25719,36956,44315,36159,18028,27763,36693,45601,13027,18712,26095,34975,45010,2673,2677,2697,3365,4624,3076,2862,3173,3892,5134,2836
15:30:04,8247,17804,22873,21131,22627,9415,18178,26499,35226,43950,9890,17142,25538,36952,44270,36163,18074,27733,36693,45582,13011,18578,26032,35180,45028,2703,2678,2678,3475,4887,3076,2845,3183,3882,5123,2810
15:40:04,8267,18622,23609,21414,22869,9396,18163,26637,35318,43962,9866,17162,25580,36938,44349,36141,18003,27552,36633,45614,12895,18729,26207,35081,44970,2688,2687,2699,3628,5269,3056,2871,3180,3893,5181,2816
15:50:04,8252,19104,24313,22570,23555,9372,18224,26849,35425,43908,9885,17186,25703,36958,44379,36199,18035,27902,36689,45622,12970,18592,26221,35041,45051,2675,2691,2698,3778,5685,3065,2870,3154,3875,5159,2816
16:00:04,8285,19395,24968,21869,23831,9425,18149,26677,35464,43977,9893,17118,25965,36977,44338,36172,18096,27852,36740,45584,13063,18568,26060,35153,45050,2687,2685,2697,3966,6155,3060,2909,3169,3889,5161,2809
16:10:04,8259,20501,25670,23364,24373,9453,18061,26589,35533,43937,9888,17195,26605,37007,44339,36169,18020,27696,36744,45579,12973,18716,26138,35245,45048,2672,2679,2685,4189,6683,3060,2910,3174,3890,5166,2810
16:20:04,8286,21072,26066,23364,25208,9401,18314,26605,35380,43933,9900,17146,27259,36944,44354,36231,18093,27792,36784,45609,12938,18655,26100,35270,45014,2683,2686,2699,4380,7370,3073,2919,3169,3883,5154,2809
16:30:04,8296,21001,26955,23401,25244,9405,18190,26738,35428,43888,9912,17235,27639,37007,44355,36194,18008,27799,36707,45684,12991,18600,26126,35553,45002,2675,2688,2722,4650,8262,3063,2906,3176,3886,5142,2815
16:40:04,8337,21718,27779,24811,26456,9392,17913,26588,35247,43950,9884,17194,27580,37038,44354,36236,17975,27572,36774,45651,12948,18726,26162,35502,45072,2669,2683,2718,4924,9144,3077,2891,3185,3875,5158,2812
16:50:03,8315,22228,28006,23991,25538,9396,18002,26590,35175,43963,9921,17178,27456,37058,44397,36235,18053,27826,36747,45703,12925,18616,26136,35349,45037,2679,2683,2720,5217,10178,3074,2905,3153,3882,5163,2811
17:00:04,8350,22245,28516,25491,27287,9434,17985,26657,35209,44090,9926,17217,27331,37054,44394,36217,18064,27863,36808,45714,13044,18636,26117,35536,44953,2683,2672,2742,5556,11429,3077,2897,3164,3887,5150,2813
17:10:04,8368,23176,28771,25247,26846,9397,17830,26704,35268,44056,9913,17141,27317,37049,44446,36298,18098,27660,36884,45622,12998,18565,26125,35446,45140,2654,2690,2749,5921,12729,3063,2890,3172,3876,5137,2834
17:20:04,8354,23085,29416,25555,27274,9443,17961,26700,35392,44112,9888,17247,26935,37052,44452,36314,18051,27914,36772,45687,13071,18587,26141,35484,45060,2684,2692,2752,6315,14349,3084,2900,3165,3892,5141,2823
17:30:04,8390,23699,29379,26421,27658,9397,17871,26620,35480,44129,9893,17170,26233,37035,44449,36257,18117,27913,36825,45717,13006,18529,26184,35649,45152,2675,2693,2761,6762,16103,3090,2894,3155,3896,5137,2824
17:40:04,8377,23504,30186,26294,28391,9437,17890,26672,35523,44221,9896,17179,25718,37077,44428,36262,18018,28030,36949,45729,12968,18549,26174,35411,45063,2685,2693,2761,7295,18105,3084,2893,3157,3887,5144,2813
17:50:04,8426,24253,30147,26914,28761,9442,17809,26728,35758,44380,9921,17224,25605,37109,44409,36346,18081,27826,36858,45695,13009,18644,26168,35546,45027,2675,2680,2773,7796,20373,3071,2901,3160,3899,5143,2822
18:00:04,8391,23853,31029,26850,28533,9435,17914,26852,35716,44452,9936,17176,25568,37175,44431,36262,18046,27604,36846,45777,12997,18761,26069,35579,45037,2685,2700,2794,8486,23031,3100,2885,3159,3893,5144,2814
18:10:04,8420,23889,31103,26718,29465,9458,17879,26771,35593,44514,9918,17252,25762,37157,44424,36276,18036,27887,36895,45762,12971,18702,26091,35824,45150,2685,2705,2775,9211,25657,3114,2912,3161,3890,5135,2820
18:20:03,8430,24020,30837,27198,29488,9434,17895,26786,35350,44652,9949,17245,26061,37161,44504,36282,18097,27649,36990,45836,12984,18705,26146,35596,45122,2683,2719,2799,10004,28595,3114,2919,3155,3893,5170,2810
18:30:04,8400,24438,31100,27304,29470,9456,17800,26859,35188,44797,9982,17220,26825,37149,44413,36339,18095,27970,36990,45872,13029,18613,26297,35788,45113,2680,2699,2816,10880,31463,3114,2904,3169,3898,5175,2825
18:40:04,8465,24089,30999,27290,29660,9417,17823,26887,35447,44863,9928,17314,27383,37186,44450,36305,18077,27978,37070,45886,13028,18668,26170,35660,45118,2685,2720,2817,11789,34888,3125,2893,3176,3908,5176,2814
18:50:04,8459,24479,31431,27901,30113,9432,17944,26812,35594,44943,9946,17252,27731,37225,44552,36342,18129,28234,37026,45885,13059,18656,26216,35846,45101,2691,2685,2836,12813,38255,3120,2898,3161,3910,5170,2811
19:00:04,8433,24549,31191,27921,30629,9477,17984,26711,35741,44948,9970,17272,27624,37210,44519,36428,18139,27949,37047,45862,13018,18698,26266,35669,45139,2694,2711,2851,13985,42120,3094,2901,3165,3880,5148,2812
19:10:04,8452,24709,31407,28378,30453,9474,17939,26861,35524,44983,9867,17295,27528,37232,44446,36327,18131,27937,37067,45887,13045,18528,26255,35734,45138,2690,2722,2864,15284,46513,3097,2890,3147,3902,5178,2819
19:20:04,8469,24121,31408,28395,30695,9509,17940,26659,35232,44961,9935,17205,27419,37206,44507,36329,18049,27920,37080,45835,13015,18719,26252,35616,45204,2684,2728,2863,16585,51913,3109,2880,3168,3888,5175,2810
19:30:04,8451,24922,31456,28500,30855,9466,17876,26835,34957,45035,9878,17254,27354,37210,44510,36373,18148,27829,37111,45889,13011,18635,26324,35635,45151,2694,2721,2884,18231,56120,3087,2875,3153,3877,5168,2824
19:40:04,8482,25290,31381,28237,31098,9526,17901,26949,35046,45027,9885,17343,26967,37249,44458,36464,18101,28050,37092,45936,13050,18666,26275,35748,45187,2697,2704,2913,19771,59357,3099,2892,3162,3876,5161,2803
19:50:04,8472,24832,31734,28521,31551,9449,17994,26914,35067,44924,9927,17244,26307,37205,44515,36421,18087,27981,37126,45938,12882,18714,26140,35898,45116,2690,2737,2950,21634,63414,3088,2865,3157,3879,5157,2810
20:00:04,8461,25438,31660,28727,31647,9411,17939,26885,35171,44857,9856,17338,25763,37232,44481,36368,18132,28168,37078,45915,13009,18594,26297,35952,45165,2697,2727,2968,23736,67545,3101,2867,3168,3893,5158,2825
20:10:04,8474,25296,31542,29007,31587,9498,17956,26876,35463,44848,9890,17293,25709,37290,44534,36396,18141,28030,37166,45958,12971,18587,26203,35650,45124,2681,2715,2976,25913,69989,3078,2869,3131,3886,5169,2799
20:20:04,8487,25430,31537,29152,31866,9475,18000,26845,35738,44777,9882,17321,25655,37276,44538,36387,18094,27946,37032,45950,12975,18541,26268,35772,45217,2694,2723,3021,28466,72978,3058,2856,3165,3876,5192,2832
20:30:04,8523,25556,31687,29313,32148,9466,17908,26907,35979,44711,9879,17306,25892,37186,44459,36473,18107,28010,37046,46007,13022,18682,26360,35763,45179,2688,2735,3042,30644,77388,3051,2855,3168,3847,5161,2801
20:40:04,8500,25476,31550,29475,32273,9479,17911,26874,35996,44738,9853,17326,26364,37220,44514,36476,18095,27994,37047,46004,12964,18658,26266,35743,45211,2699,2722,3078,33271,79234,3061,2866,3144,3846,5187,2813
20:50:04,8499,25678,31630,29629,32248,9507,17933,26910,35620,44614,9864,17291,27139,37294,44530,36442,18102,27995,37014,46026,13044,18603,26350,35966,45201,2696,2761,3123,36010,80893,3055,2859,3148,3848,5159,2812
21:00:04,8518,25291,31390,29835,32796,9464,18039,26797,35096,44632,9831,17311,27687,37279,44549,36547,18243,27976,36965,46061,12932,18689,26323,35818,45210,2696,2743,3194,38438,83850,3036,2855,3151,3849,5179,2804
21:10:04,8528,25366,31602,29894,32725,9532,17938,26940,34899,44607,9883,17350,27786,37291,44503,36529,18197,28134,37031,46055,13012,18669,26328,35913,45253,2717,2751,3253,41332,86219,3033,2835,3165,3856,5154,2805
21:20:04,8526,25637,32052,29681,32905,9420,17925,26913,34853,44527,9856,17331,27641,37242,44564,36552,18156,28044,36956,46041,12984,18598,26335,35677,45235,2711,2756,3328,44174,86612,3035,2861,3154,3850,5179,2815
21:30:04,8530,25412,31488,29883,32958,9456,17943,26865,35061,44557,9843,17282,27531,37302,44601,36574,18134,28154,37040,46045,13024,18780,26226,35693,45319,2721,2775,3403,46774,87188,3024,2825,3161,3838,5179,2812
21:40:04,8555,25659,31680,30254,33254,9466,17927,26878,35193,44525,9853,17346,27530,37306,44639,36537,18099,28187,36968,46149,13035,18620,26327,35945,45281,2719,2765,3489,48902,89521,3034,2838,3149,3813,5184,2816
21:50:04,8542,25338,31580,29999,33557,9457,17923,26956,35600,44508,9906,17368,27211,37334,44583,36536,18160,28208,36980,46105,13005,18774,26319,35814,45255,2740,2776,3600,50378,90340,3026,2836,3156,3839,5174,2822
22:00:04,8581,25676,31410,30488,33537,9476,18058,26990,35990,44532,9889,17402,26471,37303,44657,36578,18163,28397,37025,46105,13004,18622,26286,35736,45258,2728,2793,3729,52280,90181,3028,2839,3146,3847,5189,2811
22:10:04,8559,25316,31538,30352,33667,9494,17966,26940,36324,44544,9858,17323,25998,37296,44637,36623,18110,28033,36979,46107,13010,18605,26357,35878,45311,2737,2805,3866,54857,92629,3015,2831,3142,3837,5188,2827
22:20:04,8545,25918,31305,30382,33492,9484,17977,26949,36298,44525,9852,17356,25697,37309,44761,36600,18133,28127,36973,46203,12957,18630,26355,35758,45272,2736,2824,4005,56767,96473,3028,2811,3174,3862,5167,2819
22:30:04,8574,25495,31919,30524,33549,9483,18114,27003,35759,44467,9896,17332,25756,37353,44686,36651,18154,28110,37032,46246,13002,18569,26278,35818,45270,2775,2836,4190,58568,96281,3021,2832,3148,3846,5151,2821
22:40:04,8592,26316,31859,30382,33615,9518,17967,27000,35127,44488,9878,17350,25885,37321,44648,36711,18111,28261,36991,46181,12959,18675,26394,35835,45287,2759,2865,4403,62005,OVRFLW,3027,2816,3146,3836,5179,2820
22:50:04,8586,25988,31857,30289,33825,9540,17967,26925,34878,44608,9869,17357,26354,37341,44665,36671,18234,28156,37045,46213,12933,18765,26429,35700,45339,2778,2887,4616,65169,OVRFLW,3037,2822,3151,3843,5180,2824
23:00:04,8617,25929,31514,30969,34142,9553,17994,26909,34888,44550,9838,17445,27053,37294,44765,36676,18194,28365,37027,46328,12967,18740,26357,35769,45362,2791,2900,4856,67183,OVRFLW,3020,2829,3137,3835,5191,2826
23:10:04,8567,25857,31557,30731,34251,9502,17928,27006,35214,44674,9871,17329,27690,37379,44783,36686,18211,28162,37098,46273,12876,18704,26352,35807,45332,2780,2925,5144,69072,OVRFLW,3018,2840,3152,3836,5189,2827
23:20:04,8605,25823,31912,30989,34277,9508,17931,27214,35651,44704,9860,17323,27930,37369,44828,36706,18204,27992,37088,46322,12951,18700,26270,35869,45346,2803,2956,5398,71717,OVRFLW,3007,2829,3155,3854,5188,2813
23:30:04,8602,25825,31683,30464,34402,9501,17976,27023,36231,44678,9870,17364,27815,37394,44765,36736,18137,28164,37058,46308,12912,18652,26393,36069,45389,2790,2995,5874,73554,OVRFLW,3003,2831,3148,3854,5205,2833
23:40:04,8608,25805,31831,31123,34602,9525,18025,27076,36761,44777,9838,17370,27673,37378,44872,36770,18211,28499,37106,46389,12937,18816,26362,35832,45398,2795,3008,6133,72413,OVRFLW,3005,2825,3157,3864,5186,2823
23:50:04,8638,25776,31944,30878,34658,9515,18050,27231,36586,44886,9880,17426,27678,37389,44873,36754,18275,27852,37222,46396,12941,18856,26338,35938,45343,2831,3036,6543,71339,OVRFLW,3030,2825,3180,3859,5189,2814
[0]:00:04,8623,26189,31589,30765,34874,9541,18094,27060,36092,44910,9830,17370,27388,37422,44919,36739,18171,28189,37173,46356,12931,18712,26499,36086,45427,2848,3069,6998,72853,OVRFLW,3032,2836,3156,3842,5198,2810
[0]:10:04,8612,25706,32148,30760,34518,9516,18051,27057,35387,45067,9827,17419,26728,37457,44981,36701,18251,28149,37141,46447,13025,18640,26323,35949,45383,2855,3103,7578,73616,97304,3022,2817,3169,3844,5170,2817
[0]:20:04,8606,25817,31888,31113,34797,9501,17955,27082,35185,45071,9885,17374,26153,37522,44955,36772,18262,28122,37135,46416,13027,18733,26455,35795,45431,2861,3148,8130,71215,OVRFLW,3002,2820,3146,3831,5169,2823
[0]:30:04,8643,25611,31934,31079,34727,9520,18072,27028,35193,45186,9856,17442,25815,37501,45033,36730,18202,27963,37212,46426,12995,18622,26337,35853,45382,2879,3179,8737,70803,97002,3014,2828,3143,3836,5182,2825
[0]:40:03,8616,26221,31570,31089,34791,9509,18098,27044,35599,45359,9895,17387,25855,37551,45044,36740,18226,28081,37191,46397,13030,18697,26396,36100,45437,2888,3255,9459,73403,OVRFLW,3011,2830,3159,3848,5220,2808
[0]:50:03,8636,25977,31768,31102,34802,9534,18063,27131,36057,45423,9882,17429,25949,37511,45046,36732,18115,28321,37203,46430,12988,18850,26365,36047,45402,2925,3272,10413,74193,OVRFLW,3022,2840,3156,3844,5195,2823
[1]:00:03,8621,26247,31875,31116,34974,9518,18028,27240,36581,45488,9848,17408,26372,37525,45089,36779,18214,28177,37230,46494,12898,18744,26397,36054,45435,2934,3351,11236,73691,96760,3009,2836,3144,3841,5214,2820
[1]:10:04,8628,25867,31867,31168,34917,9547,17980,27256,36751,45571,9920,17436,27184,37476,45056,36784,18195,28170,37147,46429,12935,18791,26486,36113,45474,2946,3401,12299,74982,OVRFLW,3018,2813,3190,3838,5187,2819
[1]:20:03,8652,25928,32216,31558,34926,9571,18002,27215,36351,45621,9901,17334,27735,37588,45137,36792,18262,28187,37287,46530,12959,18714,26530,36042,45470,2968,3498,13511,77789,OVRFLW,3019,2826,3186,3843,5217,2832
[1]:30:04,8643,26008,31587,31156,35334,9547,18068,27220,35646,45579,9876,17366,27949,37583,45129,36772,18203,28195,37257,46470,12995,18676,26379,35875,45375,2981,3564,14741,76423,OVRFLW,3017,2830,3174,3862,5231,2809
[1]:40:04,8654,26479,31770,31252,35189,9533,18034,27174,35283,45589,9919,17383,27746,37586,45159,36726,18183,28043,37190,46449,13066,18751,26451,36090,45391,3000,3647,16198,75118,OVRFLW,3020,2838,3160,3842,5230,2796
[1]:50:04,8647,25802,32093,31425,35218,9531,17987,27142,35234,45596,9862,17398,27686,37542,45160,36747,18162,28166,37241,46449,13001,18726,26371,35926,45440,3034,3718,17487,75289,OVRFLW,3027,2807,3196,3822,5216,2804
[2]:00:04,8623,26103,31837,31425,35212,9485,18094,27070,35536,45570,9878,17432,27657,37567,45116,36739,18140,28323,37227,46484,12935,18614,26451,35938,45352,3047,3832,18959,76258,OVRFLW,3001,2810,3175,3832,5227,2800
[2]:10:03,8616,25909,31855,31528,35211,9529,17994,27071,35982,45434,9881,17447,27263,37654,45209,36768,18148,27793,37244,46444,12976,18741,26449,35608,45298,3077,3955,20336,73078,OVRFLW,2997,2823,3187,3810,5183,2817
[2]:20:03,8664,26210,31967,31265,35326,9489,18108,27226,36604,45363,9871,17430,26579,37612,45171,36690,18242,27916,37167,46453,12936,18589,26428,36022,45374,3107,4094,21808,72500,OVRFLW,3014,2814,3178,3817,5197,2810
[2]:30:03,8651,25855,31791,31414,34892,9521,18070,27134,36767,45285,9857,17344,25924,37623,45252,36723,18209,28452,37252,46453,13034,18642,26288,35785,45322,3157,4259,23615,75396,OVRFLW,3001,2813,3172,3858,5174,2804
[2]:40:04,8600,25856,31880,31643,35300,9509,18086,27294,36329,45253,9850,17376,25868,37647,45131,36734,18232,27727,37247,46546,13018,18727,26406,35751,45402,3190,4423,24808,74891,OVRFLW,3024,2805,3167,3831,5197,2814
[2]:50:03,8624,26203,31377,31515,35295,9548,18033,27262,35552,45171,9850,17443,25801,37627,45326,36717,18192,27996,37283,46492,12987,18725,26383,35826,45301,3212,4629,26368,75205,OVRFLW,3024,2828,3152,3820,5203,2823
[3]:00:04,8661,25972,31811,31316,35627,9510,18011,27166,35183,45133,9838,17388,26076,37640,45210,36700,18180,28308,37243,46487,12989,18726,26309,35969,45384,3239,4834,27542,77556,OVRFLW,2997,2793,3167,3825,5199,2799
[3]:10:04,8608,25753,31936,31860,35307,9529,18086,27172,35325,45057,9868,17395,26796,37692,45219,36687,18212,27940,37274,46476,12984,18677,26303,35931,45324,3273,5030,28856,75956,OVRFLW,2999,2819,3154,3805,5201,2808
[3]:20:04,8643,25855,31601,31643,35674,9545,18058,27090,35739,45006,9839,17484,27499,37670,45227,36701,18172,28128,37260,46484,12870,18726,26296,35789,45395,3317,5301,29904,75559,OVRFLW,3014,2808,3160,3840,5202,2804
[3]:30:04,8606,25849,31994,31823,35753,9518,18001,27154,36293,45009,9837,17407,27878,37618,45317,36680,18200,28251,37264,46518,12996,18602,26372,36045,45304,3351,5514,31414,76587,OVRFLW,3019,2824,3154,3821,5187,2811
[3]:40:03,8648,25928,31791,31830,35712,9527,17993,27224,36698,44981,9844,17375,27699,37567,45347,36673,18166,28036,37337,46469,12993,18657,26365,35721,45329,3359,5795,32148,73477,OVRFLW,3012,2809,3161,3813,5210,2807
[3]:50:03,8654,25951,32067,31630,35595,9503,18018,27226,36663,44988,9876,17447,27612,37621,45253,36677,18139,28177,37334,46499,12984,18762,26291,36104,45291,3425,6059,32513,74374,OVRFLW,2998,2799,3149,3811,5206,2815
[4]:00:03,8649,26108,31941,31619,35497,9542,18063,27253,36111,44866,9871,17468,27728,37696,45311,36712,18217,28187,37336,46548,12960,18566,26323,35840,45426,3522,6388,33531,75777,OVRFLW,3005,2819,3174,3835,5186,2809
[4]:10:04,8660,25917,32137,31923,35529,9534,18073,27353,35469,44881,9872,17412,27476,37694,45329,36761,18215,27970,37417,46457,13022,18596,26473,35911,45368,3537,6699,34867,73800,OVRFLW,2995,2811,3170,3798,5200,2817
[4]:20:03,8686,26070,31578,31893,35918,9529,18041,27232,35244,44858,9870,17396,26846,37673,45373,36735,18263,28008,37385,46491,13029,18598,26309,35845,45379,3600,7080,35193,76101,OVRFLW,3003,2810,3171,3822,5212,2811
[4]:30:04,8628,25813,31740,31749,35798,9483,18093,27107,35315,44836,9825,17390,26211,37602,45381,36733,18203,28179,37412,46548,13004,18733,26408,35784,45333,3614,7494,35272,75351,OVRFLW,2999,2814,3187,3799,5173,2800
[4]:40:04,8666,25489,31387,31624,35766,9537,18062,27237,35810,44858,9875,17462,25918,37700,45393,36745,18168,28190,37330,46578,12948,18634,26297,35621,45350,3683,7997,36373,75975,OVRFLW,2999,2807,3170,3825,5200,2807
[4]:50:04,8690,25881,32101,32000,36031,9564,18043,27262,36301,44795,9804,17411,25790,37698,45356,36709,18250,28238,37386,46496,13016,18546,26432,35727,45339,3743,8472,36288,78735,96076,2996,2808,3182,3818,5203,2809
[5]:00:04,8655,26133,31856,31670,35686,9537,18110,27247,36653,44779,9836,17430,25963,37748,45432,36729,18191,28038,37385,46587,13012,18530,26356,35780,45348,3791,9030,36514,76195,96891,3009,2786,3178,3814,5200,2794
[5]:10:04,8625,25944,31573,32000,35888,9519,17990,27268,36684,44809,9870,17446,26387,37650,45480,36678,18219,28109,37374,46577,12940,18562,26377,35348,45324,3862,9592,36759,74057,OVRFLW,3009,2800,3164,3809,5215,2818
[5]:20:03,8640,25870,31761,31948,35864,9516,18143,27340,36223,44774,9854,17436,27109,37664,45450,36763,18150,27702,37340,46498,13009,18577,26341,35461,45343,3898,10168,36866,75955,94994,3002,2779,3164,3819,5214,2816
[5]:30:03,8696,26040,31863,32038,35941,9551,18017,27141,35646,44873,9847,17395,27606,37692,45408,36680,18183,28355,37364,46604,12978,18537,26313,35367,45386,4000,10753,37529,73190,OVRFLW,2994,2807,3164,3806,5209,2807
[5]:40:04,8676,26191,31833,31879,36082,9524,18044,27258,35391,44932,9850,17381,27697,37647,45451,36669,18239,27989,37334,46598,12979,18561,26440,35622,45359,4051,11493,37429,74440,OVRFLW,3009,2823,3151,3816,5196,2802
[5]:50:03,8681,26087,31950,31989,36062,9524,18060,27115,35335,44847,9841,17443,27552,37747,45347,36785,18189,28036,37335,46639,12985,18616,26439,35699,45351,4113,12125,37510,75371,OVRFLW,2987,2801,3163,3802,5208,2799
[6]:00:04,8630,26166,31676,32177,35944,9542,18062,27213,35707,44848,9890,17445,27663,37663,45353,36768,18249,27846,37328,46608,12982,18613,26316,35479,45344,4207,12663,37916,76003,OVRFLW,2996,2795,3162,3794,5189,2830
[6]:10:04,8659,26119,31648,32114,36110,9497,18076,27315,36164,44837,9832,17412,27677,37717,45383,36747,18275,28112,37388,46657,12941,18652,26391,35737,45377,4241,13380,37822,76742,OVRFLW,2984,2805,3156,3815,5187,2807
[6]:20:04,8675,25869,31689,32078,36079,9554,18102,27282,36553,45002,9834,17421,27381,37670,45401,36688,18179,28203,37365,46598,12978,18598,26369,35524,45325,4279,14043,38472,76089,OVRFLW,2983,2817,3146,3809,5212,2809
[6]:30:04,8630,26347,31975,31902,35812,9483,18018,27230,36667,44925,9894,17429,26632,37739,45419,36697,18220,27682,37270,46695,12906,18668,26424,35449,45348,4428,14621,37842,74830,OVRFLW,2987,2803,3168,3797,5207,2807
[6]:40:04,8644,25469,31721,32306,36266,9513,18108,27285,36476,45094,9907,17430,26185,37650,45420,36724,18159,28153,37297,46553,12969,18489,26383,35524,45312,4470,15239,38256,75246,OVRFLW,2982,2802,3163,3795,5195,2802
[6]:50:03,8669,25996,31868,31939,36223,9544,18073,27294,35856,45099,9803,17468,26020,37703,45388,36677,18239,28129,37251,46735,13005,18671,26460,35330,45300,4532,15895,38813,75444,95383,3004,2794,3165,3810,5201,2820
[7]:00:03,8662,26060,31726,32244,36166,9571,18076,27287,35487,45191,9852,17446,25968,37663,45416,36740,18181,27820,37244,46719,12934,18613,26372,35421,45337,4633,16416,38963,75858,96710,2997,2808,3161,3826,5198,2811
[7]:10:04,8667,26124,31817,32269,36339,9520,18098,27359,35354,45360,9867,17391,26266,37698,45312,36754,18230,27956,37276,46748,13035,18509,26562,35417,45369,4715,16924,38721,73798,95519,2985,2814,3167,3792,5199,2786
[7]:20:03,8681,26398,31445,32280,36237,9576,18102,27488,35613,45395,9871,17428,26776,37703,45423,36708,18152,27883,37261,46734,12985,18643,26425,35235,45344,4787,17549,39152,74380,91658,2987,2805,3163,3795,5218,2810
[7]:30:04,8669,26044,31597,32054,36251,9518,18035,27403,36030,45476,9842,17436,27197,37666,45372,36754,18176,27954,37250,46641,13048,18626,26422,35175,45317,4881,17989,39364,75380,95947,3005,2796,3167,3799,5184,2817
[7]:40:04,8678,25973,32043,32451,36427,9576,18079,27456,36528,45547,9857,17445,27364,37688,45335,36751,18263,27777,37236,46702,13018,18650,26321,35293,45370,4943,18574,38961,76672,95138,2971,2815,3161,3804,5195,2811
[7]:50:04,8673,26028,31309,32141,36226,9548,18099,27283,36776,45565,9838,17475,27475,37625,45333,36781,18200,28094,37287,46724,13025,18594,26451,35209,45326,5053,18977,39061,75387,93811,2986,2774,3134,3809,5205,2794
[8]:00:03,8687,26097,31740,32228,36243,9519,18129,27347,36563,45693,9828,17448,27596,37696,45301,36808,18267,27842,37167,46709,12973,18574,26441,35346,45338,5100,19332,39261,75022,OVRFLW,2991,2817,3160,3803,5192,2804
[8]:10:04,8655,26096,31615,32642,36585,9585,18087,27353,36042,45679,9869,17465,27811,37748,45269,36804,18230,27959,37258,46732,13021,18579,26452,35096,45343,5162,19760,39407,75183,95804,2985,2802,3142,3810,5201,2799
[8]:20:03,8701,25950,31433,32296,36410,9595,18050,27442,35569,45684,9877,17452,27695,37706,45365,36701,18232,27858,37206,46760,12980,18654,26430,35156,45329,5241,20163,39671,74705,96777,2991,2789,3155,3795,5197,2803
[8]:30:03,8693,25910,31920,32266,36388,9555,18100,27322,35394,45700,9876,17473,27044,37740,45316,36765,18218,27874,37249,46822,12986,18648,26500,35322,45324,5349,20527,39282,74690,OVRFLW,2980,2798,3166,3801,5208,2799
[8]:40:04,8670,26129,31376,32528,36444,9525,18125,27387,35525,45725,9888,17416,26437,37677,45251,36806,18171,27799,37271,46749,12980,18679,26361,35205,45343,5461,20837,39351,74837,95777,2995,2801,3139,3789,5216,2800
[8]:50:03,8700,25956,31467,32537,36410,9539,18089,27391,35924,45689,9884,17519,26061,37729,45278,36717,18194,27756,37234,46769,13016,18786,26485,35156,45340,5564,21151,39721,75203,95081,2974,2812,3143,3794,5205,2808
[9]:00:03,8655,25981,31605,32348,36517,9551,18100,27428,36430,45685,9816,17456,25930,37699,45325,36737,18311,27739,37225,46752,13000,18533,26451,35081,45250,5622,21499,39827,75801,94847,2979,2811,3142,3796,5197,2797
[9]:10:04,8678,26189,31465,32400,36536,9568,18160,27283,36809,45617,9853,17450,26197,37742,45262,36767,18186,27815,37247,46799,13020,18646,26340,35180,45346,5691,21682,40565,75056,91503,2956,2801,3162,3789,5204,2812
[9]:20:04,8697,25991,31706,32572,36541,9571,18074,27240,36717,45572,9822,17447,26732,37753,45294,36722,18221,27649,37261,46770,12988,18659,26382,35206,45393,5858,21898,39991,76774,95586,2976,2802,3146,3783,5201,2808
[9]:30:03,8646,25848,31694,32175,35846,9571,18099,27344,36298,45545,9866,17404,27142,37761,45282,36742,18216,27881,37274,46757,12963,18657,26416,35184,45375,5822,22214,40468,75648,91332,2974,2800,3150,3792,5210,2798
[9]:40:04,8660,25940,31311,32461,36604,9564,18082,27277,35691,45439,9818,17421,27440,37779,45327,36746,18271,27690,37314,46824,12984,18658,26405,35080,45326,5874,22441,40475,75041,94739,2988,2806,3144,3801,5195,2805
[9]:50:04,8681,26076,31692,32309,36352,9559,18110,27419,35421,45402,9873,17460,27570,37770,45239,36794,18213,27693,37320,46779,13019,18595,26455,35254,45435,6021,22588,40382,74660,94003,2976,2798,3150,3806,5204,2813
[10]:00:03,8677,26197,31496,32684,36609,9567,18173,27392,35472,45407,9845,17491,27790,37754,45248,36786,18244,27765,37310,46823,12994,18611,26394,35103,45340,6055,22811,40375,75885,94657,2987,2793,3137,3788,5214,2802
[10]:10:04,8682,25992,31464,32143,36569,9540,18098,27389,35730,45342,9828,17394,27998,37740,45189,36880,18224,27603,37297,46810,12961,18581,26476,35238,45290,6061,22986,40693,73008,95032,2980,2788,3157,3789,5207,2816
[10]:20:03,8683,26183,31541,32787,36640,9539,18174,27404,36147,45299,9858,17470,27778,37722,45204,36824,18191,27711,37317,46801,13033,18668,26451,35057,45284,6166,23133,40805,73378,92702,2963,2794,3152,3776,5186,2800
[10]:30:03,8683,26103,31698,32549,36898,9544,18078,27362,36622,45187,9862,17519,27050,37732,45190,36739,18250,27688,37327,46783,12999,18643,26403,35185,45308,6245,23466,41129,72831,92666,2959,2796,3147,3794,5200,2798
[10]:40:04,8696,26108,31444,32636,36721,9572,18119,27338,36889,45180,9879,17488,26517,37754,45170,36764,18165,27589,37292,46771,12953,18662,26386,35076,45347,6283,23481,40807,74028,90419,2966,2800,3139,3798,5192,2796
[10]:50:04,8671,26036,31654,32584,36799,9532,18115,27408,36575,45160,9843,17482,25983,37649,45182,36768,18147,27737,37294,46815,12910,18706,26330,35157,45394,6305,23687,41083,74244,91589,2960,2790,3122,3788,5187,2802
[11]:00:03,8706,25889,31603,32610,36627,9571,18082,27279,35936,45092,9818,17459,25946,37719,45197,36754,18249,27479,37252,46818,13001,18608,26506,35180,45337,6416,23844,40834,74486,90248,2948,2772,3130,3797,5199,2798
[11]:10:04,8687,26139,31319,32482,36609,9560,18097,27430,35520,45058,9827,17477,26359,37696,45167,36771,18208,27739,37290,46895,12992,18717,26503,34991,45366,6384,23934,41409,75069,90427,2958,2795,3135,3790,5222,2809
[11]:20:04,8672,26084,31555,32843,36459,9594,18055,27348,35364,45050,9848,17525,26814,37707,45231,36774,18237,27516,37290,46817,12956,18782,26466,34983,45328,6572,24107,41284,74607,91690,2970,2771,3139,3777,5214,2801
[11]:30:03,8710,25848,31179,32531,36828,9591,18170,27368,35732,45116,9857,17471,27147,37760,45149,36758,18184,27561,37296,46875,12995,18702,26512,35256,45369,6598,24163,41376,74476,91463,2972,2789,3136,3767,5216,2793
[11]:40:04,8686,26147,31659,32506,36720,9556,18132,27356,36202,45002,9849,17399,27402,37759,45209,36719,18217,27635,37285,46816,13000,18744,26483,35055,45328,6618,24446,41435,74052,91737,2953,2781,3163,3772,5225,2793
[11]:50:03,8676,25902,31510,32468,36740,9552,18104,27338,36564,45071,9846,17479,27697,37748,45109,36779,18172,27711,37366,46827,12954,18555,26388,34880,45393,6660,24376,41479,74089,93725,2951,2787,3142,3776,5195,2785
[12]:00:03,8704,25953,31548,32445,36892,9547,18186,27286,36894,45054,9847,17446,28008,37686,45208,36771,18154,27789,37322,46818,13001,18694,26388,34996,45307,6880,24578,40820,72841,92724,2972,2773,3133,3771,5182,2798
[12]:10:04,8683,25956,31375,32726,36807,9578,18045,27417,36645,44983,9875,17472,27841,37634,45117,36770,18274,27583,37391,46794,12993,18646,26373,35010,45311,6762,24774,41928,72511,91652,2961,2776,3150,3780,5205,2807
[12]:20:04,8693,26207,31510,32573,36748,9504,18148,27351,36112,45087,9884,17485,27293,37731,45133,36736,18203,27554,37349,46870,13013,18564,26341,34985,45344,6776,24849,41164,71004,89847,2959,2783,3111,3759,5197,2795
[12]:30:03,8692,26103,31421,32987,36843,9540,18142,27423,35591,44992,9894,17500,26615,37638,45189,36817,18188,27495,37404,46884,13039,18769,26454,35068,45355,6974,24907,41331,73096,90247,2948,2783,3155,3772,5183,2784
[12]:40:04,8709,26168,31653,32881,36715,9538,18163,27425,35490,45023,9867,17454,26077,37704,45137,36845,18143,27478,37444,46864,12984,18606,26490,35077,45353,7001,25092,41574,71608,90601,2955,2783,3141,3793,5198,2790
[12]:50:04,8692,26079,31349,32959,36950,9562,18120,27249,35701,45040,9880,17466,25987,37672,45126,36780,18204,27554,37385,46854,13000,18730,26382,34865,45377,7006,25054,41406,73240,90461,2940,2781,3142,3791,5203,2799
[13]:00:03,8679,25632,31313,33012,36625,9531,18169,27362,36142,45070,9858,17451,26440,37699,45089,36816,18243,27606,37354,46930,13050,18728,26401,35045,45320,7061,25309,41576,73056,92795,2967,2785,3123,3772,5219,2797
[13]:10:04,8692,26162,31338,32759,36891,9548,18128,27425,36602,45133,9878,17471,26928,37701,45079,36772,18186,27583,37483,46829,12973,18660,26474,35012,45399,7112,25319,41763,75277,92503,2965,2779,3114,3761,5186,2795
[13]:20:03,8692,25895,31472,32700,37095,9583,18132,27408,36886,45060,9876,17486,27297,37658,45062,36807,18242,27680,37462,46814,13077,18688,26331,35082,45237,7162,25234,41505,73469,90735,2961,2773,3134,3749,5210,2782
[13]:30:03,8676,25841,31307,32916,36833,9537,18085,27447,36515,45065,9877,17497,27556,37688,45067,36852,18218,27382,37369,46897,13016,18595,26416,34840,45300,7047,25530,41861,74172,90556,2961,2782,3118,3779,5190,2787
[13]:40:04,8700,26121,31244,32961,37210,9526,18031,27279,35949,45184,9846,17486,27887,37674,45069,36830,18198,27645,37447,46873,12966,18667,26356,34945,45336,7231,25399,41607,73254,90882,2959,2787,3115,3753,5181,2787
[13]:50:04,8717,25991,31244,32635,36863,9561,18085,27383,35563,45245,9843,17465,28100,37686,45102,36830,18251,27450,37449,46947,13085,18704,26355,34904,45278,7293,25743,41910,74339,91463,2959,2788,3118,3777,5187,2799
[14]:00:03,8677,25979,31614,33029,37167,9550,18138,27351,35513,45228,9890,17420,27722,37788,45130,36840,18259,27373,37448,46924,12951,18738,26372,34835,45339,7227,25700,41696,73778,91412,2976,2780,3105,3766,5231,2777
[14]:10:04,8696,26066,31369,32969,37069,9549,18120,27398,35770,45343,9877,17544,26829,37787,45175,36857,18234,27437,37458,46886,13044,18760,26393,35192,45339,7353,25811,41990,74269,91045,2942,2807,3130,3784,5227,2797
[14]:20:04,8752,26140,31036,33048,37036,9550,18101,27355,36184,45444,9875,17491,26202,37811,45140,36838,18237,27519,37510,46918,12971,18718,26351,35144,45334,7305,26003,41862,72999,90394,2963,2770,3116,3765,5198,2798
[14]:30:03,8740,25878,31235,33040,36770,9511,18150,27377,36651,45519,9949,17459,26015,37703,45060,36924,18244,27614,37541,46853,13070,18617,26494,34987,45308,7335,26101,41965,72939,89562,2950,2787,3137,3771,5190,2805
[14]:40:04,8707,26013,31372,33012,37258,9590,18178,27406,36801,45546,9868,17474,26394,37710,45070,36887,18184,27666,37569,46904,12978,18640,26403,34885,45317,7445,26043,42035,71677,88481,2949,2767,3134,3794,5200,2781
[14]:50:03,8709,26043,31123,32921,36903,9557,18148,27377,36551,45701,9936,17498,26924,37749,45131,36863,18273,27451,37499,46935,13071,18656,26410,34878,45390,7373,26033,41830,72493,88874,2960,2768,3127,3766,5207,2794
[15]:00:03,8712,25716,31015,32737,37159,9509,18164,27423,36036,45690,9869,17407,27227,37756,45074,36805,18252,27474,37542,46929,13018,18634,26319,35184,45368,7505,26207,41823,71562,88637,2958,2770,3115,3767,5185,2796
[15]:10:04,8715,25838,31390,32895,37163,9581,18098,27448,35521,45782,9904,17442,27609,37801,45110,36855,18237,27502,37526,46922,12991,18606,26392,34941,45325,7533,26206,42064,70844,88199,2952,2793,3111,3773,5219,2804
[15]:20:04,8747,25793,31205,33019,37209,9616,18117,27332,35533,45847,9873,17514,27960,37825,45143,36884,18181,27454,37548,46961,13040,18707,26456,34917,45384,7495,26430,42110,71634,87968,2956,2787,3135,3771,5202,2803
[15]:30:03,8700,25934,31069,32995,37105,9589,18196,27346,35821,45826,9886,17453,28111,37892,45115,36906,18191,27474,37531,46898,13030,18716,26452,34915,45379,7547,26436,42198,70786,87488,2955,2774,3134,3778,5204,2786
[15]:40:04,8751,26086,30880,33082,36906,9568,18157,27436,36258,45809,9875,17490,27600,37841,45087,36886,18217,27418,37581,46923,13079,18714,26352,34830,45341,7557,26371,42099,71577,88590,2963,2790,3128,3756,5193,2804
[15]:50:04,8712,25921,31006,32929,37354,9584,18149,27248,36733,45859,9896,17511,26692,37882,45045,36888,18293,27501,37549,46887,13053,18690,26434,34932,45363,7640,26663,42153,72569,88264,2951,2770,3124,3756,5188,2802
[16]:00:03,8737,26010,31086,33129,37049,9549,18061,27448,36831,45843,9867,17499,26171,37906,45079,36893,18237,27465,37556,46921,13053,18567,26494,35056,45372,7654,26580,42087,71798,88967,2979,2777,3118,3782,5214,2778
[16]:10:04,8717,25869,31255,33030,37325,9551,18137,27301,36497,45942,9855,17523,26106,37869,45133,36921,18288,27554,37542,46882,13060,18695,26420,34941,45354,7641,26629,42207,70531,88371,2964,2784,3119,3785,5215,2803
[16]:20:03,8708,25929,30745,33114,37436,9552,18127,27109,35985,45921,9870,17448,26642,37808,45057,36894,18220,27271,37442,46964,13026,18604,26410,34929,45308,7733,26693,41835,71824,88266,2958,2798,3135,3763,5229,2796
[16]:30:03,8724,25950,31164,33440,36933,9581,18123,27255,35648,45832,9897,17450,27048,37878,45082,36950,18219,27419,37530,46849,13017,18681,26345,34880,45298,7629,26728,42034,71402,88264,2946,2789,3130,3757,5205,2813
[16]:40:04,8708,26020,31196,33162,37212,9548,18192,27231,35631,45811,9888,17526,27309,37912,45100,36934,18219,27444,37479,46983,13035,18642,26474,35015,45389,7720,26683,42154,72925,89219,2955,2773,3133,3751,5219,2801
[16]:50:04,8744,25769,30968,32836,37111,9528,18141,27138,35993,45804,9902,17489,27649,37927,45125,36933,18156,27502,37450,46938,13038,18794,26520,34903,45345,7818,26973,41928,71336,88835,2957,2797,3155,3770,5207,2785
[17]:00:03,8681,25957,31047,32833,37433,9567,18153,27216,36458,45748,9874,17484,27988,37959,45090,36979,18221,27637,37507,46965,13079,18705,26359,34893,45385,7820,26834,42727,70860,89575,2955,2791,3128,3766,5202,2800
[17]:10:04,8735,26087,31190,33303,37159,9568,18197,27182,36770,45690,9897,17505,28136,37969,45103,36989,18291,27624,37422,46973,13024,18659,26401,34856,45376,7734,26974,41831,72769,89176,2958,2794,3141,3764,5192,2777
[17]:20:04,8717,25775,31016,32986,37089,9565,18160,27155,36822,45691,9883,17424,27435,37941,45124,36984,18283,27449,37359,46925,13020,18686,26367,34869,45268,7889,27059,42091,72176,88995,2969,2787,3129,3756,5194,2788
[17]:30:03,8754,25742,30761,32969,37372,9586,18197,27291,36407,45579,9882,17477,26602,38024,45085,36929,18180,27662,37397,46939,13031,18642,26402,34958,45345,7882,26871,42026,71083,88863,2946,2758,3137,3777,5183,2787
[17]:40:04,8712,25993,30559,33167,37295,9534,18144,27247,35843,45514,9847,17521,26184,37980,45090,36928,18177,27403,37334,46965,13046,18618,26330,34852,45325,7826,26994,42476,72540,88812,2946,2777,3112,3769,5192,2787
[17]:50:03,8709,25811,31441,33083,37483,9583,18163,27274,35559,45431,9832,17502,26290,37985,45072,37002,18280,27368,37374,46877,13055,18596,26426,34728,45279,7909,26921,42608,71915,89188,2969,2791,3132,3769,5206,2805
[18]:00:03,8715,26066,31064,33219,37209,9570,18149,27204,35475,45341,9905,17504,26620,37934,45146,37024,18311,27511,37319,46849,13110,18729,26386,34727,45377,7954,27004,42262,71497,88992,2977,2784,3136,3755,5192,2773
[18]:10:04,8720,25786,30767,33296,37356,9614,18166,27277,35941,45388,9889,17496,27077,38050,45135,36953,18232,27531,37347,46886,13082,18676,26410,34982,45407,7967,27182,42556,72067,88929,2948,2794,3133,3783,5199,2801
[18]:20:04,8723,26021,31034,33222,37466,9567,18224,27138,36444,45437,9897,17554,27377,38039,45145,36964,18319,27405,37325,46984,13096,18667,26422,34822,45432,7902,27225,42171,71815,88788,2965,2794,3133,3766,5200,2799
[18]:30:03,8747,26015,31085,32714,37230,9579,18195,27269,36828,45274,9917,17587,27633,38010,45133,37051,18273,27505,37354,46964,13045,18768,26479,34776,45343,7933,27422,42460,71951,89154,2957,2794,3144,3772,5228,2790
[18]:40:04,8761,25756,30875,33355,37338,9564,18125,27212,36851,45359,9911,17544,28192,38071,45162,37049,18233,27468,37428,46938,13041,18711,26413,34793,45356,7970,27291,42512,72060,88499,2959,2764,3153,3779,5237,2796
[18]:50:04,8734,25918,30624,33434,37725,9585,18158,27114,36367,45374,9926,17492,28069,38103,45162,37002,18252,27458,37377,46994,13057,18714,26417,34776,45366,7962,27277,42589,71918,88455,2988,2798,3135,3766,5205,2801
[19]:00:04,8769,25935,31062,33365,37546,9599,18227,27331,35743,45316,9906,17572,27342,38059,45166,37072,18286,27420,37350,46981,13115,18820,26379,34910,45447,8089,27200,42400,71942,88601,2976,2777,3144,3790,5226,2805
[19]:10:04,8774,25915,31017,33198,37781,9634,18247,27126,35433,45243,9898,17548,26565,38090,45195,37091,18295,27509,37457,46954,13099,18743,26450,34853,45456,7989,27488,42570,73014,87522,2972,2782,3141,3769,5225,2803
[19]:20:03,8755,25767,31124,33376,37226,9634,18226,27277,35557,45342,9925,17585,26234,38068,45190,37053,18348,27536,37386,46926,13058,18805,26465,34989,45430,8035,27366,42680,72558,88762,2974,2765,3129,3789,5210,2799
[19]:30:03,8752,26026,30858,33062,37298,9583,18236,27350,35941,45294,9877,17551,26497,38094,45290,37031,18386,27492,37396,46959,13113,18745,26350,34870,45407,8167,27566,42651,71773,89111,2964,2772,3139,3768,5230,2808
[19]:40:04,8768,25948,30857,33605,37669,9589,18258,27183,36436,45383,9921,17536,26870,38018,45318,37053,18260,27390,37476,47000,13088,18664,26299,34944,45433,8139,27667,42585,72331,88748,2968,2796,3122,3767,5215,2785
[19]:50:04,8787,25953,30861,33263,37508,9626,18215,27431,36746,45324,9904,17539,27227,38084,45214,37063,18382,27523,37456,46959,13121,18799,26327,34671,45480,8059,27596,42735,71701,88946,2984,2800,3130,3789,5225,2788
[20]:00:03,8752,25819,31060,33394,37324,9585,18164,27384,36811,45312,9924,17565,27581,38126,45284,37075,18365,27585,37467,46925,13092,18722,26389,34805,45478,8204,27635,42673,71771,87755,2975,2772,3138,3778,5208,2809
[20]:10:04,8781,26119,31117,33536,37142,9629,18260,27459,36513,45349,9933,17562,27933,38107,45270,37115,18294,27537,37482,47020,13158,18700,26316,34799,45485,8219,27545,42503,73075,87047,2971,2787,3136,3774,5219,2805
[20]:20:04,8743,25720,31101,32890,37279,9586,18207,27314,35953,45318,9926,17532,28239,38136,45314,37077,18259,27429,37480,46964,13151,18805,26331,35119,45504,8185,27692,42851,71761,87968,2955,2793,3129,3777,5233,2802
[20]:30:04,8752,25863,30779,33373,37409,9614,18178,27360,35492,45291,9903,17524,27693,38106,45337,37068,18293,27503,37471,46958,13154,18695,26368,34877,45440,8168,27639,42449,71996,88342,2954,2782,3133,3764,5222,2805
[20]:40:04,8764,25877,30845,33610,37504,9632,18224,27365,35418,45327,9868,17540,26807,38090,45283,37061,18292,27325,37450,46902,13119,18690,26317,34842,45380,8228,27651,42640,71554,87782,2951,2780,3128,3757,5218,2792
[20]:50:03,8751,26098,31013,33155,37756,9609,18266,27278,35826,45320,9886,17513,26308,38113,45312,37071,18255,27619,37457,46943,13123,18805,26228,34994,45489,8258,27723,42810,70930,87456,2954,2783,3126,3755,5220,2785
[21]:00:03,8784,25748,30826,32886,37468,9594,18239,27344,36274,45312,9926,17561,26374,38129,45322,37119,18335,27431,37488,46883,13138,18725,26345,34877,45452,8326,27831,42951,71585,87405,2973,2783,3132,3754,5218,2785
[21]:10:04,8745,26070,30464,33436,37739,9602,18256,27301,36602,45331,9929,17569,26700,38066,45328,37054,18297,27480,37585,46907,13093,18691,26256,34882,45414,8336,27864,42798,71785,86683,2966,2784,3141,3782,5216,2812
[21]:20:04,8763,25444,30912,33351,37670,9622,18240,27367,36819,45510,9940,17612,27021,38099,45372,37019,18345,27457,37493,46917,13123,18734,26290,34952,45386,8261,27834,42524,72176,88196,2962,2775,3126,3766,5209,2809
[21]:30:03,8787,25821,30572,33410,37253,9579,18210,27276,36743,45479,9905,17598,27408,38053,45353,37071,18246,27463,37503,46933,13064,18751,26290,34865,45435,8246,27992,43162,71300,86592,2949,2771,3133,3764,5233,2792
[21]:40:04,8717,25562,30604,33422,37607,9607,18166,27144,36192,45578,9895,17634,27569,38069,45404,37072,18397,27320,37497,46888,13108,18686,26206,34798,45442,8355,27789,42627,71389,86680,2954,2802,3114,3770,5204,2814
[21]:50:04,8803,25881,30661,33458,37390,9601,18167,27310,35627,45576,9953,17543,28110,38128,45460,37095,18288,27486,37465,46923,13112,18826,26191,34918,45493,8346,27997,42783,71254,86460,2952,2764,3106,3757,5227,2799
[22]:00:04,8737,25996,30709,33502,37507,9581,18232,27255,35425,45641,9917,17542,28195,38078,45410,37062,18338,27550,37514,46887,13112,18827,26244,34863,45471,8324,28071,42884,70988,86698,2956,2790,3112,3754,5208,2803
[22]:10:04,8750,25861,30622,33628,37750,9595,18233,27296,35459,45759,9918,17578,27489,38098,45516,37128,18271,27540,37569,46914,13084,18826,26236,34752,45436,8456,27966,43330,71230,86112,2947,2780,3121,3770,5203,2794
[22]:20:03,8798,25888,30799,33334,37773,9579,18173,27373,35907,45794,9956,17569,26723,38112,45558,37105,18357,27479,37565,46923,13179,18698,26294,34878,45430,8422,28086,43029,71363,86992,2946,2776,3125,3733,5212,2804
[22]:30:03,8743,26054,30739,33346,37875,9579,18265,27135,36398,45774,9942,17568,26328,38111,45549,37046,18351,27502,37543,46890,13031,18839,26279,34929,45489,8378,27888,42834,70886,85986,2957,2786,3122,3771,5228,2777
[22]:40:04,8766,25726,30719,33614,37451,9618,18287,27227,36705,45998,9951,17602,26664,38131,45633,37122,18341,27489,37606,46918,13179,18764,26227,34938,45480,8424,28119,43326,70772,86741,2956,2773,3126,3776,5217,2786
[22]:50:04,8772,25944,30464,33315,37588,9627,18226,27485,36750,45983,10004,17663,26942,38146,45617,37082,18382,27457,37531,46918,13199,18753,26338,34786,45503,8460,27958,42846,70964,86032,2953,2783,3115,3755,5226,2804
[23]:00:03,8772,25872,30711,33524,37413,9639,18239,27393,36449,46132,9943,17579,27287,38156,45682,37152,18411,27451,37566,46887,13180,18850,26277,34833,45543,8485,28254,42938,70432,86706,2955,2769,3115,3756,5214,2801
[23]:10:04,8797,25772,30830,33275,37552,9583,18228,27390,35914,46126,9902,17615,27521,38157,45617,37046,18293,27560,37588,46972,13076,18803,26206,34790,45517,8473,27971,43015,71301,86226,2955,2775,3137,3754,5215,2806
[23]:20:04,8760,25625,30780,33300,37784,9607,18311,27391,35561,46192,9967,17616,28124,38194,45637,37089,18328,27550,37558,46890,13159,18768,26322,34841,45529,8491,28319,42928,70222,86081,2942,2776,3127,3771,5210,2801
[23]:30:04,8770,25963,30430,33629,37408,9577,18307,27401,35525,46234,9922,17604,28251,38131,45696,37132,18313,27610,37557,46948,13227,18864,26346,35061,45534,8465,28055,43423,72296,85814,2949,2761,3125,3770,5235,2825
[23]:40:04,8787,25900,30458,33551,37775,9640,18308,27350,35765,46178,9985,17625,27459,38205,45743,37110,18392,27395,37560,46865,13171,18881,26331,35037,45465,8603,28260,43052,70425,86980,2961,2791,3121,3756,5206,2792
[23]:50:03,8778,26021,30766,33909,37794,9605,18250,27160,36378,46144,9914,17553,26654,38205,45711,37120,18368,27360,37565,46891,13156,18782,26271,34868,45534,8541,28191,43218,70467,86893,2958,2759,3122,3769,5232,2803
[0]:00:03,8789,25959,30682,33905,37494,9618,18221,27576,36734,46250,9939,17570,26475,38218,45813,37126,18396,27405,37598,46865,13132,18704,26307,34816,45531,8448,28329,43200,70924,85338,2967,2771,3120,3755,5231,2812
