"","Time","hours","0 aSf 5 PrLDm","0 aSf 10 PrLDm","0 aSf 15 PrLDm","0 aSf 20 PrLDm","0 aSf 25 PrLDm","0 aSf 30 PrLDm","0.1 aSf 5 PrLDm","0.1 aSf 10 PrLDm","0.1 aSf 15 PrLDm","0.1 aSf 20 PrLDm","0.1 aSf 25 PrLDm","0.1 aSf 30 PrLDm","0.5 aSf 5 PrLDm","0.5 aSf 10 PrLDm","0.5 aSf 15 PrLDm","0.5 aSf 20 PrLDm","0.5 aSf 25 PrLDm","0.5 aSf 30 PrLDm","1 aSf 5 PrLDm","1 aSf 10 PrLDm","1 aSf 15 PrLDm","1 aSf 20 PrLDm","1 aSf 25 PrLDm","1 aSf 30 PrLDm","4 aSf 5 PrLDm","4 aSf 10 PrLDm","4 aSf 15 PrLDm","4 aSf 20 PrLDm","4 aSf 25 PrLDm","4 aSf 30 PrLDm","2 aSf 5 PrLDm","2 aSf 10 PrLDm","2 aSf 15 PrLDm","2 aSf 20 PrLDm","2 aSf 25 PrLDm","2 aSf 30 PrLDm","0.1 aSf 0 PrLDm","0.5 aSf 0 PrLDm","1 aSf 0 PrLDm","2 aSf 0 PrLDm","4 aSf 0 PrLDm"
"1",1899-12-31 00:00:04,0,"3431","3485","3522","3407","3785","4020","3519","3447","3469","3792","3795","3907","3420","3763","3720","3946","3901","4246","3466","3489","3499","4074","3809","4156","3463","3561","3697","4046","4315","4461","3349","3479","3704","3836","4053","4475","3444","3459","3631","3632","4162"
"2",1899-12-31 00:20:04,0.333,"2996","3112","3165","3196","3413","3644","2960","3089","3201","3266","3444","3534","3112","3210","3311","3452","3638","3977","2983","3087","3193","3497","3587","3858","3123","3288","3449","3736","4038","4081","3029","3249","3443","3600","3833","3999","3387","3071","3270","3283","3609"
"3",1899-12-31 00:40:04,0.667,"2991","3118","3318","3323","3555","3850","3070","3208","3411","3339","3608","3738","3202","3346","3317","3844","3843","3887","3222","3221","3457","3862","3991","4011","3353","3488","3508","3996","4359","4205","3038","3283","3843","3847","4032","4091","3348","3207","3272","3276","3660"
"4",1899-12-31 01:00:04,1,"3187","3339","3303","3424","3557","3821","3091","3260","3637","3359","3644","3740","3218","3356","3406","3729","3786","3900","3281","3231","3441","3888","3925","4097","3339","3513","3807","4067","4373","4442","3352","3467","3684","3843","4078","4262","3380","3192","3243","3515","4080"
"5",1899-12-31 01:20:04,1.333,"3174","3279","3305","3405","3585","3827","3117","3295","3673","3342","3662","3758","3228","3456","3431","3707","3783","3901","3292","3227","3440","3905","3926","4106","3336","3507","3813","4102","4383","4462","3354","3460","3689","3864","4099","4270","3383","3192","3251","3508","4129"
"6",1899-12-31 01:40:04,1.667,"3168","3290","3304","3420","3618","3822","3175","3274","3731","3342","3678","3762","3223","3434","3424","3716","3796","3892","3193","3261","3429","3889","3911","4134","3320","3497","3845","4143","4444","4505","3366","3463","3675","3881","4109","4316","3351","3194","3264","3477","4134"
"7",1899-12-31 02:00:04,2,"3152","3279","3283","3424","3687","3817","3329","3261","3762","3346","3677","3770","3208","3427","3421","3683","3800","3877","3172","3257","3444","3933","3925","4113","3311","3500","3881","4141","4478","4534","3379","3455","3693","3887","4132","4316","3355","3179","3260","3476","4100"
"8",1899-12-31 02:20:04,2.333,"3130","3251","3280","3407","3668","3839","3234","3228","3779","3352","3666","3765","3208","3408","3431","3685","3815","3885","3146","3261","3439","3883","3912","4137","3301","3531","3898","4188","4488","4571","3347","3474","3695","3894","4161","4335","3353","3162","3255","3474","4107"
"9",1899-12-31 02:40:04,2.667,"3124","3249","3274","3421","3670","3848","3184","3233","3774","3351","3663","3782","3230","3383","3415","3661","3782","3912","3147","3289","3450","3872","3904","4140","3281","3476","3829","4200","4518","4615","3298","3453","3663","3900","4148","4333","3288","3161","3273","3466","4046"
"10",1899-12-31 03:00:04,3,"3118","3253","3281","3431","3672","3862","3184","3214","3702","3393","3665","3776","3232","3579","3425","3671","3766","3904","3144","3275","3453","3885","3896","4197","3267","3506","3878","4251","4505","4627","3274","3468","3681","3892","4159","4341","3287","3156","3273","3446","4035"
"11",1899-12-31 03:20:04,3.333,"3140","3237","3284","3410","3694","3849","3145","3215","3622","3390","3653","3777","3225","3569","3432","3677","3784","4127","3121","3285","3444","3863","3924","4191","3294","3448","3876","4277","4565","4623","3279","3476","3677","3927","4202","4358","3301","3145","3280","3440","4034"
"12",1899-12-31 03:40:04,3.667,"3118","3225","3291","3427","3674","3856","3176","3212","3523","3379","3674","3755","3238","3576","3433","3686","3788","4159","3121","3286","3466","3852","3906","4194","3296","3467","3922","4188","4556","4648","3251","3510","3690","3913","4220","4372","3327","3221","3267","3421","4030"
"13",1899-12-31 04:00:04,4,"3096","3230","3279","3418","3685","3876","3158","3202","3486","3388","3664","3760","3232","3598","3424","3669","3805","4182","3145","3284","3463","3849","3881","4202","3259","3516","3947","4348","4598","4692","3234","3471","3713","3931","4258","4392","3321","3229","3391","3422","4003"
"14",1899-12-31 04:20:04,4.333,"3096","3236","3289","3411","3699","3873","3105","3194","3455","3395","3653","3774","3225","3584","3438","3675","3789","4241","3119","3288","3461","3863","3926","4219","3247","3520","3914","4354","4598","4694","3277","3510","3705","3939","4232","4432","3324","3202","3384","3497","3990"
"15",1899-12-31 04:40:04,4.667,"3105","3237","3281","3427","3700","3860","3115","3208","3415","3389","3645","3761","3218","3541","3457","3660","3794","4315","3120","3286","3482","3844","3920","4205","3287","3522","4043","4250","4579","4736","3244","3464","3735","3943","4262","4481","3356","3199","3368","3533","3981"
"16",1899-12-31 05:00:04,5,"3096","3233","3286","3418","3688","3876","3065","3214","3398","3404","3672","3751","3221","3521","3437","3654","3784","4397","3140","3303","3481","3871","3952","4240","3278","3563","3920","4302","4667","4810","3246","3516","3723","3946","4301","4498","3315","3191","3352","3527","3949"
"17",1899-12-31 05:20:04,5.333,"3099","3224","3268","3430","3687","3881","3077","3214","3381","3389","3675","3787","3213","3485","3467","3668","3793","4479","3110","3303","3469","3835","3939","4233","3282","3494","3911","4344","4656","4844","3224","3516","3744","3968","4303","4493","3340","3170","3358","3520","3990"
"18",1899-12-31 05:40:04,5.667,"3079","3205","3284","3467","3686","3898","3068","3209","3367","3405","3675","3760","3210","3460","3455","3672","3791","4477","3132","3310","3596","3873","3947","4282","3277","3579","3870","4318","4608","4778","3234","3484","3729","3960","4303","4521","3341","3195","3376","3507","3942"
"19",1899-12-31 06:00:04,6,"3068","3225","3279","3476","3714","3890","3074","3217","3368","3380","3666","3765","3215","3446","3458","3663","3788","4503","3114","3305","3648","3864","3948","4280","3267","3503","3934","4240","4667","4815","3223","3527","3744","4017","4351","4536","3334","3168","3358","3509","3903"
"20",1899-12-31 06:20:04,6.333,"3082","3213","3281","3461","3703","3899","3088","3217","3363","3391","3647","3767","3228","3415","3452","3668","3808","4492","3105","3322","3684","3879","3967","4290","3261","3587","3905","4408","4638","4912","3211","3549","3725","3981","4342","4529","3324","3166","3346","3469","3915"
"21",1899-12-31 06:40:04,6.667,"3093","3206","3280","3431","3718","3876","3089","3215","3381","3402","3638","3788","3222","3377","3453","3683","3792","4514","3115","3318","3705","3874","3953","4282","3285","3496","3994","4376","4646","4920","3214","3544","3755","4017","4299","4544","3325","3159","3349","3479","3927"
"22",1899-12-31 07:00:04,7,"3091","3198","3284","3441","3702","3893","3079","3210","3408","3401","3665","3763","3208","3389","3461","3706","3784","4539","3107","3315","3686","3893","4017","4285","3267","3563","3968","4322","4708","5008","3201","3551","3743","3985","4351","4559","3356","3162","3343","3472","3926"
"23",1899-12-31 07:20:04,7.333,"3072","3225","3282","3445","3714","3871","3089","3256","3423","3412","3653","3789","3212","3385","3473","3698","3784","4531","3114","3341","3728","3903","4017","4306","3263","3508","3960","4426","4662","5110","3225","3510","3773","4024","4391","4577","3348","3176","3338","3467","3910"
"24",1899-12-31 07:40:04,7.667,"3093","3210","3276","3445","3708","3860","3078","3232","3440","3418","3668","3769","3206","3385","3495","3681","3795","4526","3106","3379","3749","3888","4062","4308","3260","3634","4075","4418","4713","5302","3193","3523","3772","4050","4372","4593","3354","3161","3328","3473","3909"
"25",1899-12-31 08:00:04,8,"3077","3210","3274","3451","3724","3871","3085","3236","3472","3413","3662","3777","3221","3338","3489","3699","3789","4534","3120","3372","3759","3918","4161","4330","3270","3515","4102","4494","4794","5595","3195","3564","3816","4050","4425","4608","3349","3152","3322","3459","3886"
"26",1899-12-31 08:20:04,8.333,"3072","3201","3300","3462","3722","3896","3070","3221","3554","3425","3674","3764","3207","3327","3479","3706","3800","4550","3104","3379","3757","3921","4201","4311","3275","3653","4180","4438","4725","5917","3178","3524","3830","4068","4397","4614","3360","3153","3337","3469","3908"
"27",1899-12-31 08:40:04,8.667,"3070","3207","3272","3453","3713","3864","3066","3235","3649","3403","3665","3775","3247","3344","3460","3718","3791","4554","3133","3430","3769","3910","4289","4324","3277","3533","4184","4450","4792","6275","3208","3597","3762","4135","4404","4628","3367","3139","3331","3450","3922"
"28",1899-12-31 09:00:04,9,"3060","3203","3270","3453","3719","3867","3067","3219","3753","3438","3707","3804","3235","3332","3509","3729","3798","4555","3122","3466","3814","3929","4419","4357","3288","3607","4268","4595","4889","7041","3207","3512","3829","4162","4394","4683","3362","3138","3341","3464","3871"
"29",1899-12-31 09:20:04,9.333,"3066","3216","3271","3451","3723","3876","3064","3221","3757","3423","3698","3775","3240","3341","3508","3712","3802","4596","3115","3463","3785","3928","4633","4374","3295","3570","4337","4549","4936","7474","3169","3585","3762","4201","4427","4678","3350","3160","3317","3445","3843"
"30",1899-12-31 09:40:04,9.667,"3089","3205","3278","3448","3730","3874","3064","3237","3849","3425","3713","3774","3286","3352","3516","3714","3785","4617","3131","3500","3780","3961","4761","4392","3328","3713","4392","4540","5020","8200","3190","3504","3826","4290","4459","4722","3381","3144","3328","3436","3858"
"31",1899-12-31 10:00:04,10,"3061","3221","3296","3449","3750","3880","3076","3223","4001","3438","3687","3787","3264","3351","3507","3720","3798","4606","3136","3554","3798","3961","4964","4450","3324","3597","4537","4602","5095","8668","3188","3607","3791","4262","4474","4728","3354","3123","3326","3442","3894"
"32",1899-12-31 10:20:04,10.333,"3064","3202","3286","3471","3745","3884","3070","3217","3988","3449","3707","3793","3269","3356","3514","3727","3819","4665","3120","3558","3822","3965","5197","4517","3344","3714","4710","4572","5275","9658","3203","3579","3884","4343","4440","4754","3395","3131","3335","3452","3862"
"33",1899-12-31 10:40:04,10.667,"3089","3201","3278","3472","3745","3894","3074","3228","4157","3463","3724","3801","3223","3347","3538","3727","3807","4665","3164","3648","3800","3967","5270","4562","3342","3650","4779","4693","5293","10769","3212","3648","3802","4325","4483","4778","3368","3145","3329","3445","3858"
"34",1899-12-31 11:00:04,11,"3078","3202","3301","3471","3771","3898","3162","3224","4153","3460","3715","3827","3255","3362","3524","3742","3812","4713","3157","3606","3836","3964","5462","4692","3378","3769","5172","4703","5502","12797","3195","3595","3900","4494","4541","4799","3389","3148","3304","3442","3834"
"35",1899-12-31 11:20:04,11.333,"3078","3193","3294","3468","3758","3901","3197","3238","4146","3475","3703","3803","3268","3350","3560","3735","3809","4661","3174","3725","3877","4001","5733","4773","3361","3724","4953","4713","5701","13273","3207","3685","3879","4475","4497","4843","3392","3152","3331","3438","3848"
"36",1899-12-31 11:40:04,11.667,"3071","3215","3288","3450","3764","3896","3156","3228","4095","3476","3718","3804","3258","3347","3596","3740","3828","4766","3184","3746","3831","3997","5831","4846","3398","3835","5240","4771","5702","14157","3206","3598","3910","4571","4540","4890","3388","3131","3338","3451","3846"
"37",1899-12-31 12:00:04,12,"3077","3217","3286","3470","3778","3893","3195","3223","4618","3486","3711","3822","3294","3410","3625","3737","3851","4732","3193","3835","3913","4019","6218","5015","3407","3774","5188","4856","5813","15337","3182","3664","3854","4706","4557","4969","3398","3125","3326","3439","3837"
"38",1899-12-31 12:20:04,12.333,"3076","3207","3297","3472","3769","3913","3179","3219","4708","3495","3711","3837","3253","3381","3689","3749","3878","4697","3195","3813","3979","4009","6585","5083","3436","3863","5394","4893","5862","16604","3206","3636","3948","4833","4639","5007","3409","3140","3314","3444","3832"
"39",1899-12-31 12:40:04,12.667,"3079","3195","3294","3458","3769","3898","3169","3247","4921","3498","3718","3832","3252","3389","3741","3762","3878","4841","3235","3929","4040","4031","6893","5192","3452","3845","5853","4907","6151","17819","3228","3698","3931","4812","4640","5088","3393","3135","3333","3436","3796"
"40",1899-12-31 13:00:04,13,"3069","3193","3309","3501","3780","3922","3171","3229","4980","3489","3725","3864","3277","3390","3738","3770","3918","4865","3245","3960","4110","4016","6964","5264","3482","3998","6263","5036","6667","18628","3186","3635","3929","5007","4663","5139","3385","3132","3315","3434","3826"
"41",1899-12-31 13:20:04,13.333,"3077","3199","3303","3488","3789","3918","3185","3217","4780","3501","3718","3921","3242","3406","3789","3761","3908","4809","3263","4033","4344","4047","6964","5329","3514","3916","6539","5005","6539","20328","3210","3715","3942","5095","4684","5222","3401","3135","3321","3450","3818"
"42",1899-12-31 13:40:04,13.667,"3091","3201","3312","3493","3797","3943","3197","3249","4782","3531","3759","3962","3287","3379","3844","3777","3949","4923","3333","4096","4472","4059","7163","5420","3552","4054","6200","5151","6620","21782","3204","3734","3961","5330","4736","5363","3399","3126","3313","3449","3823"
"43",1899-12-31 14:00:04,14,"3086","3208","3314","3504","3801","3931","3196","3252","5335","3584","3763","4050","3265","3435","3998","3784","3980","4880","3376","4228","4585","4063","7388","5651","3569","4096","6378","5214","7215","23212","3243","3796","3978","5506","4763","5485","3405","3130","3317","3445","3869"
"44",1899-12-31 14:20:04,14.333,"3095","3191","3309","3500","3837","3974","3234","3238","5601","3570","3763","4089","3255","3440","4103","3793","4029","4896","3421","4285","4953","4060","8254","5835","3592","4216","7043","5310","7708","24625","3240","3789","3978","5623","4850","5625","3460","3104","3312","3446","3800"
"45",1899-12-31 14:40:04,14.667,"3097","3208","3323","3504","3828","3959","3202","3231","5358","3574","3765","4255","3260","3441","4114","3799","4054","5076","3442","4330","5112","4058","9308","5935","3634","4315","7752","5432","7555","26817","3235","3820","4046","5673","4938","5721","3517","3093","3298","3441","3771"
"46",1899-12-31 15:00:04,15,"3078","3198","3313","3513","3820","3957","3191","3250","4862","3593","3780","4274","3277","3450","4304","3805","4108","5123","3494","4458","5155","4081","9213","5951","3679","4445","7948","5629","7893","28006","3233","3855","4037","5914","4986","5897","3511","3090","3316","3439","3790"
"47",1899-12-31 15:20:04,15.333,"3101","3208","3311","3516","3851","3955","3172","3261","5391","3603","3776","4448","3300","3475","4221","3818","4145","5161","3459","4521","5213","4049","9342","6268","3696","4563","7902","5663","8488","29257","3246","3879","4103","5967","5109","6011","3516","3085","3304","3413","3820"
"48",1899-12-31 15:40:04,15.667,"3085","3193","3313","3530","3862","3986","3161","3274","5314","3617","3783","4495","3262","3449","4518","3865","4199","5201","3497","4536","5521","4109","9291","6411","3777","4719","7705","5878","9040","30416","3243","3950","4153","6117","5251","6219","3501","3095","3288","3428","3780"
"49",1899-12-31 16:00:04,16,"3075","3164","3305","3533","3885","3991","3142","3303","5166","3658","3780","4708","3267","3448","4520","3876","4261","5263","3499","4679","5928","4092","9364","6613","3819","4933","8523","6146","9247","31583","3268","3992","4182","6315","5369","6431","3487","3062","3281","3433","3756"
"50",1899-12-31 16:20:04,16.333,"3080","3191","3307","3541","3863","3998","3105","3327","5903","3670","3786","4685","3228","3453","4668","3907","4320","5572","3513","4668","6303","4133","10128","7130","3881","5020","8681","6365","10297","32725","3275","4053","4211","6748","5425","6616","3494","3076","3282","3414","3755"
"51",1899-12-31 16:40:04,16.667,"3098","3178","3309","3557","3909","4019","3089","3321","6098","3699","3794","5000","3262","3487","4879","3972","4372","5605","3623","4775","6579","4140","11761","7422","3955","5305","8354","6634","10364","34113","3322","4024","4219","6857","5608","6770","3446","3081","3270","3399","3834"
"52",1899-12-31 17:00:04,17,"3080","3172","3328","3608","3933","4006","3114","3356","5675","3691","3808","5036","3224","3484","4900","3968","4535","5672","3674","4786","7055","4129","12627","7986","4049","5478","9888","7057","10899","34929","3318","4173","4347","6775","5732","7091","3429","3066","3264","3382","3751"
"53",1899-12-31 17:20:04,17.333,"3074","3183","3315","3613","3942","4050","3089","3405","6371","3795","3826","5443","3258","3507","4999","3969","4610","5819","3758","4916","7444","4179","13104","8010","4113","5731","8644","7429","10911","36095","3337","4203","4400","7090","5850","7517","3372","3058","3248","3388","3751"
"54",1899-12-31 17:40:04,17.667,"3090","3167","3323","3631","3977","4088","3059","3398","6915","3754","3889","5279","3241","3500","5357","4031","4685","5923","3775","5180","7970","4191","13771","7859","4224","5858","9829","7862","11338","37108","3347","4303","4531","8055","6033","7673","3302","3055","3266","3388","3713"
"55",1899-12-31 18:00:04,18,"3084","3166","3342","3643","3985","4097","3037","3433","6197","3914","3866","5330","3234","3523","5798","4057","4777","6065","3831","5180","8301","4201","14558","8183","4305","6036","9510","8262","12828","38138","3355","4322","4555","8252","6139","8053","3240","3069","3248","3361","3679"
"56",1899-12-31 18:20:04,18.333,"3104","3192","3332","3703","4038","4129","3027","3462","7043","3867","3907","5665","3259","3548","5532","4120","4909","6184","3886","5245","9111","4234","15259","9093","4424","6196","10083","8729","12581","39484","3370","4393","4764","7751","6343","8569","3153","3064","3247","3346","3657"
"57",1899-12-31 18:40:04,18.667,"3107","3190","3368","3748","4065","4140","3012","3532","6615","4029","3913","6120","3264","3613","5568","4156","5062","6210","3928","5589","9428","4314","16267","9568","4518","6406","10223","9169","13185","40300","3406","4481","4798","8822","6528","8760","3141","3033","3246","3348","3677"
"58",1899-12-31 19:00:04,19,"3113","3188","3338","3801","4128","4190","3032","3571","6778","3995","3902","6211","3235","3607","6038","4241","5238","6379","3986","5625","9581","4305","15006","10667","4613","6690","9851","9626","13141","41174","3430","4581","4957","9487","6623","9475","3122","3058","3247","3313","3719"
"59",1899-12-31 19:20:04,19.333,"3112","3182","3361","3848","4142","4240","2997","3682","7937","4187","4004","6492","3262","3672","6177","4281","5380","6536","4008","5821","9842","4381","15210","11141","4677","6899","10543","10050","14520","41824","3494","4652","5116","9400","6844","9598","3065","3038","3240","3423","3732"
"60",1899-12-31 19:40:04,19.667,"3138","3190","3376","3893","4194","4317","3001","3749","8097","4238","4018","7001","3262","3697","6206","4378","5573","6729","4069","5856","10108","4462","15777","10563","4762","7211","9719","10531","14742","42680","3509","4895","5198","11094","7256","10323","3059","3033","3235","3416","3740"
"61",1899-12-31 20:00:04,20,"3137","3222","3395","3910","4239","4372","3003","3934","8446","4283","4139","7055","3269","3783","6743","4441","5740","6860","4114","6146","10911","4502","19664","10577","4830","7436","10826","11048","15093","43387","3593","5115","5372","10841","7237","10541","3061","3049","3227","3414","3730"
"62",1899-12-31 20:20:04,20.333,"3162","3224","3396","3985","4337","4420","3001","3937","8543","4591","4145","7884","3304","3825","6837","4599","5910","7014","4182","6044","11646","4551","18077","10887","4899","7663","10467","11549","16189","44142","3582","5086","5648","11457","7529","11409","3053","3046","3236","3409","3696"
"63",1899-12-31 20:40:04,20.667,"3164","3294","3422","4069","4393","4510","3014","3993","8798","4541","4197","7848","3316","3885","7060","4558","6124","7192","4227","6201","12318","4638","20661","12573","4969","8007","10705","11996","17541","44893","3684","5188","5815","13643","7733","11672","3042","3040","3235","3413","3676"
"64",1899-12-31 21:00:04,21,"3183","3259","3428","4112","4435","4561","3009","4094","9122","4657","4309","9086","3316","3962","7413","4679","6367","7368","4292","6253","12688","4749","21461","14304","5047","8162","10879","12464","18068","45496","3702","5303","6034","13882","8031","12027","3037","3035","3214","3385","3689"
"65",1899-12-31 21:20:04,21.333,"3176","3304","3458","4195","4590","4669","3000","4150","8998","4749","4304","9280","3368","4053","7460","4747","6638","7596","4326","6437","13809","4849","23284","12453","5149","8168","10686","12882","20077","46100","3794","5415","6262","14132","8345","12921","3025","3018","3224","3373","3639"
"66",1899-12-31 21:40:04,21.667,"3244","3316","3488","4296","4681","4787","3008","4326","9321","4961","4424","9423","3357","4095","7997","4874","6947","8019","4332","6282","14043","4998","24505","14644","5238","8277","11303","13379","20034","46763","3824","5559","6567","16850","8297","13216","3013","3017","3223","3368","3686"
"67",1899-12-31 22:00:04,22,"3228","3284","3544","4395","4787","4910","3002","4458","8590","5008","4405","10637","3366","4111","8055","4936","7254","8237","4329","6626","14890","5077","26399","16135","5384","8409","10631","13904","20871","47457","3955","5706","6795","17800","8444","13437","3009","3036","3234","3378","3669"
"68",1899-12-31 22:20:04,22.333,"3282","3352","3548","4545","4887","5061","3006","4735","9201","5297","4630","10374","3428","4168","8516","5057","7565","8528","4397","7332","14483","5253","23771","16300","5520","8473","11406","14180","22179","47944","3992","5811","7056","18268","9169","14464","3000","3012","3222","3374","3664"
"69",1899-12-31 22:40:04,22.667,"3284","3382","3602","4607","5012","5239","3000","4910","10619","5454","4580","11079","3465","4285","8687","5249","7929","8928","4463","7228","15216","5365","29246","15260","5660","8668","11082","14459","24158","48507","4119","6084","7433","19122","9922","14862","3016","3033","3228","3390","3665"
"70",1899-12-31 23:00:04,23,"3347","3450","3619","4742","5120","5396","2995","5098","10533","5666","4780","12137","3489","4380","9071","5335","8309","9297","4797","7339","15660","5556","30226","17381","5779","8745","11614","14850","25119","49062","4200","6153","7721","19865","9785","15126","3015","3039","3235","3370","3665"
"71",1899-12-31 23:20:04,23.333,"3348","3463","3674","4895","5267","5631","3063","5305","11323","5783","4786","12993","3546","4481","9344","5501","8674","9694","4820","7473","15794","5756","27353","19790","5912","8819","10983","15406","26841","49575","4282","6251","8018","21164","9897","15223","3029","3052","3222","3389","3693"
"72",1899-12-31 23:40:04,23.667,"3440","3441","3712","4950","5430","5942","3063","5514","11146","6113","4898","13108","3570","4575","9540","5567","9009","10034","4896","7584","17062","5909","31086","20870","6043","8935","11660","15919","29151","50091","4385","6538","8338","24149","10942","15902","3020","3060","3245","3372","3700"
"73",1900-01-01 00:00:04,24,"3441","3527","3788","5123","5665","6283","3073","5810","11052","6380","5138","13549","3654","4664","10193","5764","9366","10384","4764","7528","19608","6154","34616","19299","6149","8960","11149","16052","30625","50640","4518","6465","8670","25837","11136","16234","3025","3060","3244","3384","3681"
"74",1900-01-01 00:20:04,24.333,"3500","3522","3815","5195","5699","6458","3077","6148","11446","6675","5102","14634","3717","4806","10091","5891","9758","10506","4804","7537","20752","6381","34895","20745","6214","9033","11880","16235","30666","51114","4596","6791","9015","26889","11195","16627","3057","3069","3262","3396","3719"
"75",1900-01-01 00:40:04,24.667,"3565","3617","3888","5313","5806","6776","3098","6693","12671","7005","5403","15295","3775","4907","10923","6074","10180","11066","4893","7468","22158","6549","34238","23567","6252","9105","11878","16576","31388","51469","4686","6838","9252","27980","12369","17020","3045","3063","3258","3395","3676"
"76",1900-01-01 01:00:04,25,"3630","3655","3916","5619","6051","7085","3095","7169","12416","7348","5557","16302","3831","5096","10869","6327","10590","11540","5033","7589","19299","6793","32776","24991","6324","9145","11027","16830","33177","51860","4785","6992","9611","28062","11972","17372","3049","3063","3261","3416","3693"
"77",1900-01-01 01:20:04,25.333,"3685","3707","4013","5541","6376","7407","3119","7275","11838","7742","5534","16941","3949","5147","11007","6484","10908","12014","5299","8418","23604","7041","36991","27024","6326","9181","12440","17278","35980","52181","4903","7440","9853","28710","13301","17717","3067","3083","3271","3444","3706"
"78",1900-01-01 01:40:04,25.667,"3760","3739","4034","6032","6475","7761","3142","7267","14066","8155","5973","18633","4012","5363","12287","6692","11429","12571","5408","8436","25008","7194","38996","24242","6362","9286","11884","17512","36587","52427","4999","7358","10136","29147","12924","18037","3076","3086","3275","3429","3722"
"79",1900-01-01 02:00:04,26,"3865","3801","4133","5956","6893","8137","3165","7362","13757","8632","5927","19672","4161","5436","11795","6812","11905","13101","5435","8301","23118","7527","39444","29294","6327","9271","11019","17738","36129","52711","5105","7738","10407","30792","13626","18344","3089","3095","3271","3438","3739"
"80",1900-01-01 02:20:04,26.333,"3936","3866","4179","6124","7014","8529","3168","7571","12715","9081","6119","20431","4210","5553","12054","7030","12070","13830","5430","8596","26827","7745","35658","32340","6401","9363","12663","17695","38112","52850","5143","7269","10822","33507","13886","18611","3073","3085","3263","3426","3733"
"81",1900-01-01 02:40:04,26.667,"3995","3884","4274","6063","7267","8887","3179","8151","14978","9633","6292","21218","4368","5809","12825","7503","12427","14908","5478","8758","24073","7992","38330","30119","6320","9356","12146","17699","39994","53099","5281","7610","11063","36189","13844","18899","3073","3084","3274","3441","3730"
"82",1900-01-01 03:00:04,27,"4112","3963","4296","6220","7715","9283","3193","8604","14975","10237","6846","22092","4475","5940","12472","7302","12997","15219","5596","8656","28386","8271","41990","30051","6428","9429","11410","17845","38951","53257","5343","7578","11208","33753","14848","19177","3079","3068","3263","3445","3719"
"83",1900-01-01 03:20:04,27.333,"4203","3957","4417","6504","7921","9622","3208","8923","13570","10860","6729","22876","4709","6094","12986","7602","13139","15313","5710","8824","24049","8572","39583","34330","6350","9574","12531","18114","38908","53406","5445","7740","11467","33329","14441","19482","3085","3079","3271","3458","3718"
"84",1900-01-01 03:40:04,27.667,"4299","3986","4474","6491","8328","10028","3217","8959","14621","11495","7138","23605","4828","6187","13143","7690","13370","15902","6071","8871","28573","8829","39593","32157","6522","9473","12006","18337","40986","53537","5489","7669","11599","34551","15444","19809","3115","3089","3269","3467","3731"
"85",1900-01-01 04:00:04,28,"4366","4134","4573","6792","8497","10410","3229","8890","16488","12241","7378","24242","5054","6372","13395","7997","13938","16599","6273","8596","27273","9044","44282","34441","6337","9445","11447","18502","42365","53642","5588","8410","11682","36592","14981","20076","3107","3076","3268","3446","3707"
"86",1900-01-01 04:20:04,28.333,"4491","4258","4633","6806","9519","11173","3252","9115","16020","13034","7968","24885","5227","6421","13457","8689","14371","17443","6460","8811","26441","9390","41888","39372","6468","9624","12878","18392","41249","53774","5654","7912","11850","36839","15742","20420","3107","3072","3298","3459","3728"
"87",1900-01-01 04:40:04,28.667,"4582","4426","4777","7173","9365","11461","3243","9925","14796","13811","8025","25448","5518","6686","13753","8814","14308","18139","6549","8268","30096","9658","39055","33929","6396","9672","11872","18331","39675","53857","5710","7941","12053","34603","15830","20781","3092","3092","3268","3438","3738"
"88",1900-01-01 05:00:04,29,"4673","4453","4827","7554","9759","11634","3247","10972","16664","14555","8761","26123","5718","6718","13773","8748","14564","18834","6582","8054","27396","9994","44716","40704","6494","9601","12117","18421","40805","53957","5791","8245","11953","35280","16085","21227","3084","3076","3268","3432","3734"
"89",1900-01-01 05:20:04,29.333,"4837","4557","5020","7836","10550","12238","3260","11617","17216","15354","9002","26636","6043","6823","13937","9093","14807","19490","6707","8332","29471","10272","43671","36454","6458","9653","12773","18511","40622","54067","5858","8670","12288","37169","16328","21689","3096","3070","3258","3448","3719"
"90",1900-01-01 05:40:04,29.667,"5116","4492","5106","8130","11089","13079","3243","12020","16887","16269","9708","27158","6326","6969","14153","9575","15052","20176","6785","8781","30871","10587","39332","43186","6514","9641","11654","18710","40334","54172","5952","8426","12330","37763","16056","22133","3105","3092","3277","3447","3704"
"91",1900-01-01 06:00:04,30,"5141","4586","5284","8677","11909","13454","3224","12238","15962","17105","10134","27607","6731","7202","14497","10371","15243","20783","6763","9202","29162","10969","44195","38365","6505","9643","12905","18429","39979","54243","5984","8222","12460","38042","16830","22583","3099","3079","3252","3454","3731"
"92",1900-01-01 06:20:04,30.333,"5321","4690","5405","8545","12655","13657","3211","12912","18341","18174","10757","28070","7016","7255","14511","10658","15540","21464","6627","8940","30004","11308","45861","45830","6536","9721","12229","18344","41542","54299","6116","8077","12506","36072","16311","23163","3074","3096","3274","3433","3728"
"93",1900-01-01 06:40:04,30.667,"5524","4775","5641","9117","13047","13861","3237","13141","18665","18881","11192","28700","7477","7500","15075","10264","15743","22060","6672","9013","28908","11610","39996","40970","6457","9708","12284","18416","40777","54316","6109","8282","12734","34866","17265","23589","3080","3089","3261","3429","3720"
"94",1900-01-01 07:00:04,31,"5617","4867","5815","9252","13890","14206","3236","12246","18717","20091","12049","29104","7871","7567","14744","10784","15908","22726","6656","9086","32312","11899","44145","44082","6579","9781","13042","18689","40129","54412","6160","8584","12786","36495","16558","23986","3063","3080","3284","3425","3713"
"95",1900-01-01 07:20:04,31.333,"5761","4882","6110","9773","14547","14904","3226","12362","18715","20749","13145","29719","8358","7934","15839","11253","16113","23156","6655","8256","27187","12256","45867","45390","6605","9787","11832","18896","41631","54417","6180","8721","13065","38475","17333","24406","3085","3086","3256","3430","3709"
"96",1900-01-01 07:40:04,31.667,"5887","5022","6323","9941","15117","15726","3229","11474","18857","22009","13547","30219","8791","7946","15006","12016","16360","23827","6722","9173","33061","12721","41289","41904","6576","9843","12689","18524","41549","54557","6204","8752","12931","39483","16867","24809","3077","3055","3273","3411","3709"
"97",1900-01-01 08:00:04,32,"6018","5167","6740","10461","15596","16590","3227","12273","18554","23018","14793","30863","9371","8188","16351","11510","16501","24416","6829","9031","28902","12901","44337","48125","6508","9888","12826","18393","40430","54607","6293","8144","13196","37777","17763","25155","3082","3067","3273","3421","3679"
"98",1900-01-01 08:20:04,32.333,"6141","5283","6989","11227","16546","17147","3207","12941","18276","23877","15601","31524","9857","8181","15329","11948","16646","25002","7163","9292","33532","13457","46776","42862","6607","9928","12157","18638","40775","54629","6345","8682","13204","36228","16618","25476","3078","3082","3226","3418","3693"
"99",1900-01-01 08:40:04,32.667,"6031","5483","7409","10750","17255","17584","3240","13371","18388","24879","18264","32147","10505","8318","15481","13014","16808","25668","7143","9059","28632","13657","41594","46403","6565","9834","13283","18950","41896","54683","6359","8768","13273","35755","18059","25781","3082","3079","3261","3399","3734"
"100",1900-01-01 09:00:04,33,"6300","5617","7799","11765","17407","18009","3241","14505","18477","25934","18059","32910","11013","8562","15589","13213","16956","26295","7236","8771","33418","14176","46374","49087","6575","9891","11801","18770","41004","54718","6412","8858","13308","34929","16814","26009","3082","3079","3252","3411","3764"
"101",1900-01-01 09:20:04,33.333,"6206","5703","8229","11825","17964","18340","3198","14083","18823","26949","21093","33624","11705","8657","15320","12770","17093","26882","7164","8869","27067","14464","47047","45466","6574","9941","12858","18609","40418","54702","6435","8604","13479","34701","17878","26228","3061","3070","3256","3385","3763"
"102",1900-01-01 09:40:04,33.667,"6289","5907","8696","12125","18322","18549","3234","12830","18751","27673","22968","34357","12275","8575","15873","13177","17259","27464","7147","8728","32994","14917","41298","50748","6620","9961","12906","18762","41470","54740","6430","8829","13424","37424","17149","26362","3070","3073","3264","3393","3730"
"103",1900-01-01 10:00:04,34,"6478","6044","9293","12833","19354","18788","3217","12953","19475","29054","23972","35129","12977","8727","15599","13536","17370","28138","6947","8430","29866","15082","46953","44538","6606","9916","12132","19037","42648","54869","6490","8767","13432","34517","17933","26632","3068","3059","3276","3391","3722"
"104",1900-01-01 10:20:04,34.333,"6653","6186","9876","13443","19689","19144","3258","12501","18199","29537","27256","35926","13635","8988","15806","13752","17526","28672","6920","8525","29646","15699","42575","50935","6634","9954","13172","18991","40905","54889","6513","8452","13435","36044","17641","26709","3072","3085","3260","3497","3677"
"105",1900-01-01 10:40:04,34.667,"6454","6508","10213","13213","18933","19522","3236","12838","19709","30505","30548","36813","14318","8926","15691","14013","17647","29154","6894","9195","31386","15956","44798","44666","6684","9955","12012","18788","40845","54905","6544","8754","13483","38046","17794","26899","3055","3093","3273","3479","3642"
"106",1900-01-01 11:00:04,35,"6560","6658","10938","13617","19608","19872","3280","12963","20586","31988","32711","37783","15139","8934","15649","14377","17812","29644","6916","9264","30389","16082","46187","46726","6664","10018","13499","18974","42349","54982","6582","9187","13567","37089","17731","27075","3068","3077","3258","3473","3772"
"107",1900-01-01 11:20:04,35.333,"6574","6780","11277","13855","20321","20222","3301","13640","19802","32275","34712","38770","15847","9203","15878","14616","17906","30108","7111","9154","31466","16694","41616","48706","6626","10080","12973","19392","42288","54969","6591","8775","13560","37051","17851","27114","3075","3088","3244","3473","3747"
"108",1900-01-01 11:40:04,35.667,"6639","7008","11595","14746","20924","20514","3286","13894","19283","33038","34240","39715","16649","9129","15659","14935","18038","30519","7357","9177","33118","16909","47215","45221","6676","9964","12488","19109","41484","54931","6624","8412","13470","38360","18480","27301","3097","3085","3254","3469","3723"
"109",1900-01-01 12:00:04,36,"6847","7106","12508","14089","19937","20844","3306","14004","18666","34410","35510","40704","17385","9071","15982","15047","18084","30924","7383","8995","27788","17006","41747","51268","6675","9933","13332","18851","43123","54962","6649","8832","13708","37543","17471","27420","3102","3073","3286","3486","3698"
"110",1900-01-01 12:20:04,36.333,"6778","7351","12484","15996","20837","21108","3349","14514","18703","34995","38302","41674","18231","9171","15779","15267","18307","31308","7394","8738","32382","17551","47217","45234","6716","10056","12169","19192","44243","55041","6666","8811","13568","38017","18326","27529","3105","3078","3248","3492","3738"
"111",1900-01-01 12:40:04,36.667,"6662","7480","13149","14933","21206","21360","3362","14290","20371","35287","40692","42649","18991","9455","16327","15567","18352","31607","7423","9060","32917","17644","45874","51012","6693","10070","13447","19452","42383","55065","6711","8957","13640","37303","17868","27646","3103","3056","3246","3486","3724"
"112",1900-01-01 13:00:04,37,"6843","7631","13468","15544","21788","21559","3367","14068","20090","36584","40992","43575","19766","9261","15807","15750","18529","31932","7447","8841","30641","17802","44114","45205","6752","10020","12463","19134","43216","55026","6705","8939","13703","39002","17777","27722","3126","3090","3265","3484","3707"
"113",1900-01-01 13:20:04,37.333,"6848","7841","13832","16762","21208","21781","3399","13937","20270","37771","40302","44581","20564","9326","16530","15972","18547","32251","7438","8671","31123","18229","46408","51543","6688","10126","13838","19193","42560","55010","6757","8679","13653","40280","18987","27863","3143","3077","3269","3475","3695"
"114",1900-01-01 13:40:04,37.667,"6850","8071","13777","15260","21796","21992","3401","13953","20031","38044","41078","45404","21308","9608","16636","15975","18680","32512","7486","8742","33248","18238","43059","45122","6734","10068","12309","19623","41883","55093","6746","8759","13616","38345","18028","27915","3154","3092","3240","3483","3662"
"115",1900-01-01 14:00:04,38,"7065","8191","14164","17343","22374","22154","3424","14287","20432","38018","43068","46261","22122","9426","17853","16063","18771","32800","7506","8648","32233","18572","45525","51261","6721","10136","14001","19394","43983","55072","6735","9344","13665","39591","18407","28042","3178","3094","3250","3475","3715"
"116",1900-01-01 14:20:04,38.333,"6872","8392","14439","16659","21499","22294","3424","14503","19721","39323","44599","47064","22813","9465","16580","16139","18883","33024","7466","8777","28340","18806","45203","46835","6695","10141","12754","19244","44123","55159","6745","8766","13819","37736","18131","28090","3216","3077","3254","3474","3735"
"117",1900-01-01 14:40:04,38.667,"6963","8544","14382","16464","21984","22530","3453","14234","20331","40329","44895","47754","23520","9589","16255","16214","18929","33168","7429","9603","31450","18745","46045","50393","6756","10076","14073","19668","41304","55027","6746","8545","13701","36960","18776","28155","3229","3086","3260","3481","3741"
"118",1900-01-01 15:00:04,39,"6965","8690","15073","18179","23175","22601","3440","13900","19579","40607","43556","48324","24062","9509","16587","16200","18956","33405","7420","9752","31735","19085","43643","45009","6759","10178","12407","19817","42045","54991","6762","8754","13753","35819","18552","28203","3230","3056","3265","3455","3714"
"119",1900-01-01 15:20:04,39.333,"7013","8811","14501","16599","22615","22739","3472","14054","20330","40516","43228","48857","24718","9452","17678","16228","19075","33638","7152","9654","32230","19240","43541","50158","6739","10031","14042","19569","42080","54967","6745","9082","13746","38303","18291","28185","3245","3052","3252","3475","3654"
"120",1900-01-01 15:40:04,39.667,"7217","8695","14897","16867","22412","22892","3465","14204","19666","41210","44118","49363","25205","9617","16642","16288","19139","33852","7111","9236","30991","19202","46256","46500","6710","10065","12552","19801","40916","54920","6766","9229","13700","40165","19010","28304","3225","3049","3254","3464","3669"
"121",1900-01-01 16:00:04,40,"7000","8840","15299","18773","23202","23032","3442","14905","18721","42103","45630","49817","25708","9444","16987","16359","19216","34019","7094","9037","28647","19548","41334","48491","6754","10180","13173","19826","42556","54908","6799","9251","13886","37121","18056","28360","3197","3061","3221","3460","3659"
"122",1900-01-01 16:20:04,40.333,"6875","9069","15129","17475","22924","23137","3426","14686","19142","42960","46674","50179","26144","9549","16543","16341","19248","34254","7345","9047","28519","19694","46952","50380","6698","10168","13626","19834","41658","54954","6749","8693","13703","36827","19360","28438","3169","3055","3227","3453","3734"
"123",1900-01-01 16:40:04,40.667,"7081","9842","14797","17424","21976","23229","3434","13729","20550","42893","45083","50541","26590","9750","16529","16335","19295","34412","7487","8692","31760","19556","40851","48869","6745","10011","12648","19915","40750","54721","6833","9096","13845","39733","17989","28452","3140","3039","3239","3442","3718"
"124",1900-01-01 17:00:04,41,"7007","10141","15444","18327","23187","23307","3406","13751","19375","42743","44388","50743","26944","9516","16180","16404","19321","34538","7538","9271","31108","19818","44408","50735","6662","10217","13661","20030","42420","54699","6735","8875","13790","35861","18887","28438","3106","3031","3210","3426","3695"
"125",1900-01-01 17:20:04,41.333,"7012","10142","14983","18870","22963","23356","3401","14124","20090","43267","45233","50992","27209","9454","16323","16453","19404","34632","7405","9792","34231","19884","46765","46322","6731","10204","13459","19919","41373","54637","6792","9044","13896","36111","19089","28463","3057","3039","3210","3415","3664"
"126",1900-01-01 17:40:04,41.667,"7058","10105","15251","17739","23143","23439","3395","13723","20279","43746","46661","51116","27508","9467","16267","16504","19474","34751","7498","9767","30403","19741","43473","52492","6701","10073","12574","20202","41130","54628","6793","8699","13833","39999","18347","28565","3042","3029","3195","3415","3631"
"127",1900-01-01 18:00:04,42,"6994","9682","15281","17667","21997","23494","3367","14230","19759","44514","46855","51230","27578","9531","16675","16587","19507","34947","7514","9139","27851","20055","43485","45708","6721","10171","13139","20138","43141","54498","6758","8841","13775","35572","19106","28558","3022","3030","3244","3396","3605"
"128",1900-01-01 18:20:04,42.333,"6952","9820","15093","17882","22372","23604","3325","14714","19791","44644","45712","51412","27858","9386","16543","16518","19523","35092","7508","9278","29075","20063","46408","51127","6652","10266","13209","20136","42816","54515","6789","8975","13873","39784","18651","28609","3005","3016","3241","3407","3614"
"129",1900-01-01 18:40:04,42.667,"7028","10339","15440","19347","23218","23705","3325","14024","20378","44169","45400","51558","28153","9652","16272","16555","19694","35288","7376","8882","32282","19974","41356","45289","6756","10146","13069","20114","41789","54631","6759","8981","13859","38582","18324","28687","2999","3018","3230","3417","3670"
"130",1900-01-01 19:00:04,43,"6992","10432","15191","18993","22235","23846","3303","13718","19630","44610","46326","51807","28175","9653","16943","16631","19790","35494","7153","9327","33241","20301","43178","52365","6731","10202","13689","20361","43428","54620","6810","9129","13946","36235","19323","28758","2981","3035","3238","3422","3665"
"131",1900-01-01 19:20:04,43.333,"7109","10190","15288","18909","23075","23973","3295","13201","20047","45376","47576","52035","28512","9504","16869","16707","19898","35649","7146","9086","32505","20319","45830","45075","6750","10259","13984","20216","43377","54682","6785","9099","13968","40487","18694","28872","3010","3024","3217","3427","3674"
"132",1900-01-01 19:40:04,43.667,"7115","9926","15467","19550","23509","24111","3296","13249","20047","46076","48699","52182","28481","9488","16528","16767","20037","35824","7157","8938","27987","20218","45269","52057","6747","10190","12612","20146","41740","54773","6857","8904","13966","35630","18558","28954","2994","3044","3239","3428","3676"
"133",1900-01-01 20:00:04,44,"7038","10425","15389","18589","22413","24184","3311","13188","20325","46334","48954","52310","28516","9542","17819","16983","20091","35873","7113","8887","27828","20479","40815","45441","6762","10279","12901","20352","42287","54894","6838","8847","13910","37917","19132","28953","2993","3038","3235","3420","3621"
"134",1900-01-01 20:20:04,44.333,"7138","10913","15365","19888","22993","24249","3315","13065","19949","45815","47922","52429","28672","9705","16584","17063","20197","36117","7453","8986","30877","20473","41211","54540","6765","10410","13850","20515","42332","54759","6847","9099","13916","38476","19200","29036","2973","3041","3242","3428","3631"
"135",1900-01-01 20:40:04,44.667,"7055","10337","15482","18518","23135","24303","3319","13702","19809","45715","46528","52437","28616","9573","16586","17083","20276","36174","7549","9689","31085","20364","44064","45351","6750","10177","12337","20260","41472","54737","6858","8900","14036","36032","18319","29074","2989","3042","3212","3430","3609"
"136",1900-01-01 21:00:04,45,"7047","10253","15764","18983","22547","24370","3330","12678","20030","46204","46396","52436","28595","9499","16673","17037","20378","36267","7512","9864","31929","20607","45562","53144","6785","10250","13968","20326","42726","54720","6864","9352","14013","39349","19490","29103","2972","3030","3229","3436","3618"
"137",1900-01-01 21:20:04,45.333,"7000","10581","15461","19704","23079","24450","3328","13296","20232","47166","47883","52591","28555","9717","16607","17299","20427","36455","7179","9094","28944","20552","46109","46154","6695","10315","13720","20582","43614","54639","6839","9090","13995","35876","18285","29100","2988","3032","3227","3414","3641"
"138",1900-01-01 21:40:04,45.667,"7099","10977","15607","18600","23254","24499","3340","14387","20252","47651","48845","52627","28616","9732","17333","17227","20512","36626","7184","9078","29293","20478","44817","52781","6794","10305","12509","20794","40462","54625","6794","9308","14012","38687","18966","29174","2974","3008","3253","3407","3616"
"139",1900-01-01 22:00:04,46,"7004","11119","15777","19695","22787","24516","3343","13887","19803","47114","48138","52677","28703","9630","16971","17010","20613","36726","7091","9025","28985","20719","41342","46119","6695","10333","13907","20654","42495","54567","6863","9484","14107","35940","19024","29129","2976","3007","3205","3426","3588"
"140",1900-01-01 22:20:04,46.333,"7067","11162","15485","19208","23123","24649","3375","13857","20027","46738","47073","52805","28557","9498","16566","17253","20779","36838","7165","9167","30291","20621","41261","52124","6805","10311","14052","20499","41873","54546","6831","9427","14103","38395","18821","29179","2973","3037","3221","3395","3594"
"141",1900-01-01 22:40:04,46.667,"7200","10702","15699","19319","23414","24682","3373","13285","20456","46695","47267","52947","28635","9571","16984","17277","20789","36917","7175","9295","29800","20627","42468","46533","6721","10379","12891","20624","42120","54637","6834","9320","14053","36325","18857","29252","2970","3023","3212","3419","3626"
"142",1900-01-01 23:00:04,47,"7123","10708","15711","19868","22793","24773","3375","13204","20412","47575","48169","53061","28638","9875","16579","17426","20887","37141","7148","9296","29472","20788","43725","50929","6806","10363","13124","20743","44677","54639","6834","9064","14114","39292","19504","29304","2985","3017","3208","3409","3618"
"143",1900-01-01 23:20:04,47.333,"7179","10649","15723","19133","22659","24883","3390","13219","20202","48340","49764","53204","28618","9746","16883","17359","20990","37274","7615","9010","30254","20596","43881","48306","6750","10446","14287","20511","41505","54671","6903","9386","14097","36352","19265","29410","2988","3035","3219","3418","3621"
"144",1900-01-01 23:40:04,47.667,"7109","10497","15636","19013","23815","24924","3436","13040","20157","48519","48938","53274","28658","9627","16889","17299","21080","37446","7602","8866","31650","20806","44284","50497","6837","10420","13575","20565","40956","54674","6835","9369","14171","38657","19000","29461","2981","3020","3220","3423","3596"
"145",1900-01-02 00:00:04,48,"7126","11198","15658","20554","22936","25024","3441","13350","20194","48355","47946","53331","28779","9642","16903","17245","21181","37592","7623","9650","28816","20938","43339","49720","6817","10334","13016","20913","42206","54715","6874","9521","14245","36018","19347","29431","2981","3025","3235","3413","3581"
"146",1900-01-02 00:20:04,48.333,"7135","11093","16151","19310","23042","25082","3497","12925","20108","47750","47632","53478","28651","9823","17726","17423","21225","37777","7574","9910","32064","20873","44614","45258","6830","10506","13471","20738","40954","54711","6889","9347","14188","38783","20167","29485","2993","3036","3220","3401","3664"
"147",1900-01-02 00:40:04,48.667,"7132","11223","15680","20898","22988","25181","3514","12672","20227","47967","48546","53518","28694","9776","16947","17470","21291","37883","7293","9334","30153","21165","44221","53083","6848","10564","14203","20523","42392","54725","6901","9587","14177","35962","18934","29568","2998","3037","3230","3414","3673"
"148",1900-01-02 01:00:04,49,"7147","11343","16073","19136","23887","25234","3560","12658","20141","48383","49969","53601","28890","9627","16668","17621","21356","38007","7296","9132","28748","20938","44890","47632","6818","10449","13256","20552","43659","54805","6976","9227","14256","38920","19199","29577","3004","3059","3231","3432","3656"
"149",NA,NA,"NA","NA","NA","NA","NA","NA","NA","NA","NA","NA","NA","NA","NA","NA","NA","NA","NA","NA","NA","NA","NA","NA","NA","NA","NA","NA","NA","NA","NA","NA","NA","NA","NA","NA","NA","NA","NA","NA","NA","NA","NA"
"150",NA,NA,"NA","NA","NA","NA","NA","NA","NA","NA","NA","NA","NA","NA","NA","NA","NA","NA","NA","NA","NA","NA","NA","NA","NA","NA","NA","NA","NA","NA","NA","NA","NA","NA","NA","NA","NA","NA","NA","NA","NA","NA","NA"
"151",NA,NA,"NA","NA","NA","NA","NA","NA","NA","NA","NA","NA","NA","NA","NA","NA","NA","NA","NA","NA","NA","NA","NA","NA","NA","NA","NA","NA","NA","NA","NA","NA","NA","NA","NA","NA","NA","NA","NA","NA","NA","NA","NA"
"152",NA,NA,"NA","NA","NA","NA","NA","NA","NA","NA","NA","NA","NA","NA","NA","NA","NA","NA","NA","NA","NA","NA","NA","NA","NA","NA","NA","NA","NA","NA","NA","NA","NA","NA","NA","NA","NA","NA","NA","NA","NA","NA","NA"
"153",NA,NA,"NA","NA","NA","NA","NA","NA","NA","NA","NA","NA","NA","NA","NA","NA","NA","NA","NA","NA","NA","NA","NA","NA","NA","NA","NA","NA","NA","NA","NA","NA","NA","NA","NA","NA","NA","NA","NA","NA","NA","NA","NA"
"154",NA,NA,"NA","NA","NA","NA","NA","NA","NA","NA","NA","NA","NA","NA","NA","NA","NA","NA","NA","NA","NA","NA","NA","NA","NA","NA","NA","NA","NA","NA","NA","NA","NA","NA","NA","NA","NA","NA","NA","NA","NA","NA","NA"
"155",NA,NA,"NA","NA","NA","NA","NA","NA","NA","NA","NA","NA","NA","NA","NA","NA","NA","NA","NA","NA","NA","NA","NA","NA","NA","NA","NA","NA","NA","NA","NA","NA","NA","NA","NA","NA","NA","NA","NA","NA","NA","NA","NA"
"156",NA,NA,"NA","NA","NA","NA","NA","NA","NA","NA","NA","NA","NA","NA","NA","NA","NA","NA","NA","NA","NA","NA","NA","NA","NA","NA","NA","NA","NA","NA","NA","NA","NA","NA","NA","NA","NA","NA","NA","NA","NA","NA","NA"
"157",NA,NA,"NA","NA","NA","NA","NA","NA","NA","NA","NA","NA","NA","NA","NA","NA","NA","NA","NA","NA","NA","NA","NA","NA","NA","NA","NA","NA","NA","NA","NA","NA","NA","NA","NA","NA","NA","NA","NA","NA","NA","NA","NA"
"158",NA,NA,"NA","NA","NA","NA","NA","NA","NA","NA","NA","NA","NA","NA","NA","NA","NA","NA","NA","NA","NA","NA","NA","NA","NA","NA","NA","NA","NA","NA","NA","NA","NA","NA","NA","NA","NA","NA","NA","NA","NA","NA","NA"
"159",NA,NA,"NA","NA","NA","NA","NA","NA","NA","NA","NA","NA","NA","NA","NA","NA","NA","NA","NA","NA","NA","NA","NA","NA","NA","NA","NA","NA","NA","NA","NA","NA","NA","NA","NA","NA","NA","NA","NA","NA","NA","NA","NA"
"160",NA,NA,"NA","NA","NA","NA","NA","NA","NA","NA","NA","NA","NA","NA","NA","NA","NA","NA","NA","NA","NA","NA","NA","NA","NA","NA","NA","NA","NA","NA","NA","NA","NA","NA","NA","NA","NA","NA","NA","NA","NA","NA","NA"
"161",NA,NA,"NA","NA","NA","NA","NA","NA","NA","NA","NA","NA","NA","NA","NA","NA","NA","NA","NA","NA","NA","NA","NA","NA","NA","NA","NA","NA","NA","NA","NA","NA","NA","NA","NA","NA","NA","NA","NA","NA","NA","NA","NA"
"162",NA,NA,"NA","NA","NA","NA","NA","NA","NA","NA","NA","NA","NA","NA","NA","NA","NA","NA","NA","NA","NA","NA","NA","NA","NA","NA","NA","NA","NA","NA","NA","NA","NA","NA","NA","NA","NA","NA","NA","NA","NA","NA","NA"
"163",NA,NA,"NA","NA","NA","NA","NA","NA","NA","NA","NA","NA","NA","NA","NA","NA","NA","NA","NA","NA","NA","NA","NA","NA","NA","NA","NA","NA","NA","NA","NA","NA","NA","NA","NA","NA","NA","NA","NA","NA","NA","NA","NA"
"164",NA,NA,"NA","NA","NA","NA","NA","NA","NA","NA","NA","NA","NA","NA","NA","NA","NA","NA","NA","NA","NA","NA","NA","NA","NA","NA","NA","NA","NA","NA","NA","NA","NA","NA","NA","NA","NA","NA","NA","NA","NA","NA","NA"
"165",NA,NA,"NA","NA","NA","NA","NA","NA","NA","NA","NA","NA","NA","NA","NA","NA","NA","NA","NA","NA","NA","NA","NA","NA","NA","NA","NA","NA","NA","NA","NA","NA","NA","NA","NA","NA","NA","NA","NA","NA","NA","NA","NA"
"166",NA,NA,"NA","NA","NA","NA","NA","NA","NA","NA","NA","NA","NA","NA","NA","NA","NA","NA","NA","NA","NA","NA","NA","NA","NA","NA","NA","NA","NA","NA","NA","NA","NA","NA","NA","NA","NA","NA","NA","NA","NA","NA","NA"
"167",NA,NA,"NA","NA","NA","NA","NA","NA","NA","NA","NA","NA","NA","NA","NA","NA","NA","NA","NA","NA","NA","NA","NA","NA","NA","NA","NA","NA","NA","NA","NA","NA","NA","NA","NA","NA","NA","NA","NA","NA","NA","NA","NA"
"168",NA,NA,"NA","NA","NA","NA","NA","NA","NA","NA","NA","NA","NA","NA","NA","NA","NA","NA","NA","NA","NA","NA","NA","NA","NA","NA","NA","NA","NA","NA","NA","NA","NA","NA","NA","NA","NA","NA","NA","NA","NA","NA","NA"
"169",NA,NA,"NA","NA","NA","NA","NA","NA","NA","NA","NA","NA","NA","NA","NA","NA","NA","NA","NA","NA","NA","NA","NA","NA","NA","NA","NA","NA","NA","NA","NA","NA","NA","NA","NA","NA","NA","NA","NA","NA","NA","NA","NA"
"170",NA,NA,"NA","NA","NA","NA","NA","NA","NA","NA","NA","NA","NA","NA","NA","NA","NA","NA","NA","NA","NA","NA","NA","NA","NA","NA","NA","NA","NA","NA","NA","NA","NA","NA","NA","NA","NA","NA","NA","NA","NA","NA","NA"
"171",NA,NA,"NA","NA","NA","NA","NA","NA","NA","NA","NA","NA","NA","NA","NA","NA","NA","NA","NA","NA","NA","NA","NA","NA","NA","NA","NA","NA","NA","NA","NA","NA","NA","NA","NA","NA","NA","NA","NA","NA","NA","NA","NA"
"172",NA,NA,"NA","NA","NA","NA","NA","NA","NA","NA","NA","NA","NA","NA","NA","NA","NA","NA","NA","NA","NA","NA","NA","NA","NA","NA","NA","NA","NA","NA","NA","NA","NA","NA","NA","NA","NA","NA","NA","NA","NA","NA","NA"
"173",NA,NA,"NA","NA","NA","NA","NA","NA","NA","NA","NA","NA","NA","NA","NA","NA","NA","NA","NA","NA","NA","NA","NA","NA","NA","NA","NA","NA","NA","NA","NA","NA","NA","NA","NA","NA","NA","NA","NA","NA","NA","NA","NA"
"174",NA,NA,"NA","NA","NA","NA","NA","NA","NA","NA","NA","NA","NA","NA","NA","NA","NA","NA","NA","NA","NA","NA","NA","NA","NA","NA","NA","NA","NA","NA","NA","NA","NA","NA","NA","NA","NA","NA","NA","NA","NA","NA","NA"
"175",NA,NA,"NA","NA","NA","NA","NA","NA","NA","NA","NA","NA","NA","NA","NA","NA","NA","NA","NA","NA","NA","NA","NA","NA","NA","NA","NA","NA","NA","NA","NA","NA","NA","NA","NA","NA","NA","NA","NA","NA","NA","NA","NA"
"176",NA,NA,"NA","NA","NA","NA","NA","NA","NA","NA","NA","NA","NA","NA","NA","NA","NA","NA","NA","NA","NA","NA","NA","NA","NA","NA","NA","NA","NA","NA","NA","NA","NA","NA","NA","NA","NA","NA","NA","NA","NA","NA","NA"
"177",NA,NA,"NA","NA","NA","NA","NA","NA","NA","NA","NA","NA","NA","NA","NA","NA","NA","NA","NA","NA","NA","NA","NA","NA","NA","NA","NA","NA","NA","NA","NA","NA","NA","NA","NA","NA","NA","NA","NA","NA","NA","NA","NA"
"178",NA,NA,"NA","NA","NA","NA","NA","NA","NA","NA","NA","NA","NA","NA","NA","NA","NA","NA","NA","NA","NA","NA","NA","NA","NA","NA","NA","NA","NA","NA","NA","NA","NA","NA","NA","NA","NA","NA","NA","NA","NA","NA","NA"
"179",NA,NA,"NA","NA","NA","NA","NA","NA","NA","NA","NA","NA","NA","NA","NA","NA","NA","NA","NA","NA","NA","NA","NA","NA","NA","NA","NA","NA","NA","NA","NA","NA","NA","NA","NA","NA","NA","NA","NA","NA","NA","NA","NA"
"180",NA,NA,"NA","NA","NA","NA","NA","NA","NA","NA","NA","NA","NA","NA","NA","NA","NA","NA","NA","NA","NA","NA","NA","NA","NA","NA","NA","NA","NA","NA","NA","NA","NA","NA","NA","NA","NA","NA","NA","NA","NA","NA","NA"
"181",NA,NA,"NA","NA","NA","NA","NA","NA","NA","NA","NA","NA","NA","NA","NA","NA","NA","NA","NA","NA","NA","NA","NA","NA","NA","NA","NA","NA","NA","NA","NA","NA","NA","NA","NA","NA","NA","NA","NA","NA","NA","NA","NA"
"182",NA,NA,"NA","NA","NA","NA","NA","NA","NA","NA","NA","NA","NA","NA","NA","NA","NA","NA","NA","NA","NA","NA","NA","NA","NA","NA","NA","NA","NA","NA","NA","NA","NA","NA","NA","NA","NA","NA","NA","NA","NA","NA","NA"
"183",NA,NA,"NA","NA","NA","NA","NA","NA","NA","NA","NA","NA","NA","NA","NA","NA","NA","NA","NA","NA","NA","NA","NA","NA","NA","NA","NA","NA","NA","NA","NA","NA","NA","NA","NA","NA","NA","NA","NA","NA","NA","NA","NA"
"184",NA,NA,"NA","NA","NA","NA","NA","NA","NA","NA","NA","NA","NA","NA","NA","NA","NA","NA","NA","NA","NA","NA","NA","NA","NA","NA","NA","NA","NA","NA","NA","NA","NA","NA","NA","NA","NA","NA","NA","NA","NA","NA","NA"
"185",NA,NA,"NA","NA","NA","NA","NA","NA","NA","NA","NA","NA","NA","NA","NA","NA","NA","NA","NA","NA","NA","NA","NA","NA","NA","NA","NA","NA","NA","NA","NA","NA","NA","NA","NA","NA","NA","NA","NA","NA","NA","NA","NA"
"186",NA,NA,"NA","NA","NA","NA","NA","NA","NA","NA","NA","NA","NA","NA","NA","NA","NA","NA","NA","NA","NA","NA","NA","NA","NA","NA","NA","NA","NA","NA","NA","NA","NA","NA","NA","NA","NA","NA","NA","NA","NA","NA","NA"
"187",NA,NA,"NA","NA","NA","NA","NA","NA","NA","NA","NA","NA","NA","NA","NA","NA","NA","NA","NA","NA","NA","NA","NA","NA","NA","NA","NA","NA","NA","NA","NA","NA","NA","NA","NA","NA","NA","NA","NA","NA","NA","NA","NA"
"188",NA,NA,"NA","NA","NA","NA","NA","NA","NA","NA","NA","NA","NA","NA","NA","NA","NA","NA","NA","NA","NA","NA","NA","NA","NA","NA","NA","NA","NA","NA","NA","NA","NA","NA","NA","NA","NA","NA","NA","NA","NA","NA","NA"
"189",NA,NA,"NA","NA","NA","NA","NA","NA","NA","NA","NA","NA","NA","NA","NA","NA","NA","NA","NA","NA","NA","NA","NA","NA","NA","NA","NA","NA","NA","NA","NA","NA","NA","NA","NA","NA","NA","NA","NA","NA","NA","NA","NA"
"190",NA,NA,"NA","NA","NA","NA","NA","NA","NA","NA","NA","NA","NA","NA","NA","NA","NA","NA","NA","NA","NA","NA","NA","NA","NA","NA","NA","NA","NA","NA","NA","NA","NA","NA","NA","NA","NA","NA","NA","NA","NA","NA","NA"
"191",NA,NA,"NA","NA","NA","NA","NA","NA","NA","NA","NA","NA","NA","NA","NA","NA","NA","NA","NA","NA","NA","NA","NA","NA","NA","NA","NA","NA","NA","NA","NA","NA","NA","NA","NA","NA","NA","NA","NA","NA","NA","NA","NA"
"192",NA,NA,"NA","NA","NA","NA","NA","NA","NA","NA","NA","NA","NA","NA","NA","NA","NA","NA","NA","NA","NA","NA","NA","NA","NA","NA","NA","NA","NA","NA","NA","NA","NA","NA","NA","NA","NA","NA","NA","NA","NA","NA","NA"
"193",NA,NA,"NA","NA","NA","NA","NA","NA","NA","NA","NA","NA","NA","NA","NA","NA","NA","NA","NA","NA","NA","NA","NA","NA","NA","NA","NA","NA","NA","NA","NA","NA","NA","NA","NA","NA","NA","NA","NA","NA","NA","NA","NA"
"194",NA,NA,"NA","NA","NA","NA","NA","NA","NA","NA","NA","NA","NA","NA","NA","NA","NA","NA","NA","NA","NA","NA","NA","NA","NA","NA","NA","NA","NA","NA","NA","NA","NA","NA","NA","NA","NA","NA","NA","NA","NA","NA","NA"
"195",NA,NA,"NA","NA","NA","NA","NA","NA","NA","NA","NA","NA","NA","NA","NA","NA","NA","NA","NA","NA","NA","NA","NA","NA","NA","NA","NA","NA","NA","NA","NA","NA","NA","NA","NA","NA","NA","NA","NA","NA","NA","NA","NA"
"196",NA,NA,"NA","NA","NA","NA","NA","NA","NA","NA","NA","NA","NA","NA","NA","NA","NA","NA","NA","NA","NA","NA","NA","NA","NA","NA","NA","NA","NA","NA","NA","NA","NA","NA","NA","NA","NA","NA","NA","NA","NA","NA","NA"
"197",NA,NA,"NA","NA","NA","NA","NA","NA","NA","NA","NA","NA","NA","NA","NA","NA","NA","NA","NA","NA","NA","NA","NA","NA","NA","NA","NA","NA","NA","NA","NA","NA","NA","NA","NA","NA","NA","NA","NA","NA","NA","NA","NA"
"198",NA,NA,"NA","NA","NA","NA","NA","NA","NA","NA","NA","NA","NA","NA","NA","NA","NA","NA","NA","NA","NA","NA","NA","NA","NA","NA","NA","NA","NA","NA","NA","NA","NA","NA","NA","NA","NA","NA","NA","NA","NA","NA","NA"
"199",NA,NA,"NA","NA","NA","NA","NA","NA","NA","NA","NA","NA","NA","NA","NA","NA","NA","NA","NA","NA","NA","NA","NA","NA","NA","NA","NA","NA","NA","NA","NA","NA","NA","NA","NA","NA","NA","NA","NA","NA","NA","NA","NA"
"200",NA,NA,"NA","NA","NA","NA","NA","NA","NA","NA","NA","NA","NA","NA","NA","NA","NA","NA","NA","NA","NA","NA","NA","NA","NA","NA","NA","NA","NA","NA","NA","NA","NA","NA","NA","NA","NA","NA","NA","NA","NA","NA","NA"
"201",NA,NA,"NA","NA","NA","NA","NA","NA","NA","NA","NA","NA","NA","NA","NA","NA","NA","NA","NA","NA","NA","NA","NA","NA","NA","NA","NA","NA","NA","NA","NA","NA","NA","NA","NA","NA","NA","NA","NA","NA","NA","NA","NA"
"202",NA,NA,"NA","NA","NA","NA","NA","NA","NA","NA","NA","NA","NA","NA","NA","NA","NA","NA","NA","NA","NA","NA","NA","NA","NA","NA","NA","NA","NA","NA","NA","NA","NA","NA","NA","NA","NA","NA","NA","NA","NA","NA","NA"
"203",NA,NA,"NA","NA","NA","NA","NA","NA","NA","NA","NA","NA","NA","NA","NA","NA","NA","NA","NA","NA","NA","NA","NA","NA","NA","NA","NA","NA","NA","NA","NA","NA","NA","NA","NA","NA","NA","NA","NA","NA","NA","NA","NA"
"204",NA,NA,"NA","NA","NA","NA","NA","NA","NA","NA","NA","NA","NA","NA","NA","NA","NA","NA","NA","NA","NA","NA","NA","NA","NA","NA","NA","NA","NA","NA","NA","NA","NA","NA","NA","NA","NA","NA","NA","NA","NA","NA","NA"
"205",NA,NA,"NA","NA","NA","NA","NA","NA","NA","NA","NA","NA","NA","NA","NA","NA","NA","NA","NA","NA","NA","NA","NA","NA","NA","NA","NA","NA","NA","NA","NA","NA","NA","NA","NA","NA","NA","NA","NA","NA","NA","NA","NA"
"206",NA,NA,"NA","NA","NA","NA","NA","NA","NA","NA","NA","NA","NA","NA","NA","NA","NA","NA","NA","NA","NA","NA","NA","NA","NA","NA","NA","NA","NA","NA","NA","NA","NA","NA","NA","NA","NA","NA","NA","NA","NA","NA","NA"
"207",NA,NA,"NA","NA","NA","NA","NA","NA","NA","NA","NA","NA","NA","NA","NA","NA","NA","NA","NA","NA","NA","NA","NA","NA","NA","NA","NA","NA","NA","NA","NA","NA","NA","NA","NA","NA","NA","NA","NA","NA","NA","NA","NA"
"208",NA,NA,"NA","NA","NA","NA","NA","NA","NA","NA","NA","NA","NA","NA","NA","NA","NA","NA","NA","NA","NA","NA","NA","NA","NA","NA","NA","NA","NA","NA","NA","NA","NA","NA","NA","NA","NA","NA","NA","NA","NA","NA","NA"
"209",NA,NA,"NA","NA","NA","NA","NA","NA","NA","NA","NA","NA","NA","NA","NA","NA","NA","NA","NA","NA","NA","NA","NA","NA","NA","NA","NA","NA","NA","NA","NA","NA","NA","NA","NA","NA","NA","NA","NA","NA","NA","NA","NA"
"210",NA,NA,"NA","NA","NA","NA","NA","NA","NA","NA","NA","NA","NA","NA","NA","NA","NA","NA","NA","NA","NA","NA","NA","NA","NA","NA","NA","NA","NA","NA","NA","NA","NA","NA","NA","NA","NA","NA","NA","NA","NA","NA","NA"
"211",NA,NA,"NA","NA","NA","NA","NA","NA","NA","NA","NA","NA","NA","NA","NA","NA","NA","NA","NA","NA","NA","NA","NA","NA","NA","NA","NA","NA","NA","NA","NA","NA","NA","NA","NA","NA","NA","NA","NA","NA","NA","NA","NA"
"212",NA,NA,"NA","NA","NA","NA","NA","NA","NA","NA","NA","NA","NA","NA","NA","NA","NA","NA","NA","NA","NA","NA","NA","NA","NA","NA","NA","NA","NA","NA","NA","NA","NA","NA","NA","NA","NA","NA","NA","NA","NA","NA","NA"
"213",NA,NA,"NA","NA","NA","NA","NA","NA","NA","NA","NA","NA","NA","NA","NA","NA","NA","NA","NA","NA","NA","NA","NA","NA","NA","NA","NA","NA","NA","NA","NA","NA","NA","NA","NA","NA","NA","NA","NA","NA","NA","NA","NA"
"214",NA,NA,"NA","NA","NA","NA","NA","NA","NA","NA","NA","NA","NA","NA","NA","NA","NA","NA","NA","NA","NA","NA","NA","NA","NA","NA","NA","NA","NA","NA","NA","NA","NA","NA","NA","NA","NA","NA","NA","NA","NA","NA","NA"
"215",NA,NA,"NA","NA","NA","NA","NA","NA","NA","NA","NA","NA","NA","NA","NA","NA","NA","NA","NA","NA","NA","NA","NA","NA","NA","NA","NA","NA","NA","NA","NA","NA","NA","NA","NA","NA","NA","NA","NA","NA","NA","NA","NA"
"216",NA,NA,"NA","NA","NA","NA","NA","NA","NA","NA","NA","NA","NA","NA","NA","NA","NA","NA","NA","NA","NA","NA","NA","NA","NA","NA","NA","NA","NA","NA","NA","NA","NA","NA","NA","NA","NA","NA","NA","NA","NA","NA","NA"
"217",NA,NA,"NA","NA","NA","NA","NA","NA","NA","NA","NA","NA","NA","NA","NA","NA","NA","NA","NA","NA","NA","NA","NA","NA","NA","NA","NA","NA","NA","NA","NA","NA","NA","NA","NA","NA","NA","NA","NA","NA","NA","NA","NA"
